client_hello_random,label,skipped_ccs_fin
56:79:50:d5:74:4b:24:e5:57:ec:37:2a:36:60:ea:b7:ff:f6:2f:1d:14:22:c0:69:71:3f:f6:29:6b:05:7b:03,0x00_on_the_last_position__(|PMS|_=_0),FALSE
a0:21:e5:54:59:0e:13:cf:8c:20:8d:b7:50:6a:0f:3e:91:e9:b5:1e:9c:97:31:19:0c:62:7e:c5:44:ad:ca:5d,Invalid_TLS_version_in_PMS,FALSE
60:4e:d9:28:b4:a8:f2:ea:c5:bd:4c:87:7a:c4:60:93:a8:a3:28:8d:93:cb:76:ea:67:8c:25:17:0c:cf:ee:d7,0x00_in_some_padding_byte,FALSE
32:8f:31:d9:bb:e2:ea:ef:a2:88:61:5b:6f:10:4a:a5:0c:3a:92:43:b0:d0:dd:64:95:17:39:63:25:4e:cd:59,Wrong_first_byte_(0x00_set_to_0x17),FALSE
35:0c:af:7b:b2:56:38:bb:12:df:c1:40:78:9e:00:06:23:27:37:d6:50:9f:6e:1f:41:79:93:7a:3d:2c:46:ca,0x00_on_the_next_to_last_position_(|PMS|_=_1),FALSE
a4:a0:4b:f0:73:29:4e:f7:4b:8d:16:0c:29:0d:d9:7c:53:d8:48:93:1f:a2:8b:61:54:42:56:33:f3:73:f1:9d,Correctly_formatted_PKCS#1_message__(|PMS|_=_47),FALSE
b9:f6:37:39:f0:b8:2a:e7:0e:f9:2a:72:c7:05:0b:36:37:47:d0:67:d3:ea:71:10:ee:c4:98:09:c2:5d:4d:66,Invalid_TLS_version_in_PMS,FALSE
40:3c:b8:f0:82:12:dd:9f:6b:ca:7b:bd:06:91:ba:00:c0:4d:09:0e:dd:30:6a:0a:0a:e6:b3:13:e6:43:a0:1c,0x00_in_PKCS#1_padding_(first_8_bytes_after_0x00_0x02),FALSE
19:7b:9f:ae:0f:07:12:43:8e:0e:e4:fb:57:d1:c2:f5:78:6a:e3:30:6b:51:47:13:f0:cc:c7:3b:a0:2e:21:1d,No_0x00_in_message,FALSE
1a:09:6f:95:d4:81:f3:d9:85:2c:69:4f:17:39:6a:21:04:fa:4d:64:23:04:2d:16:2b:dc:28:92:74:44:f7:a0,Wrong_first_byte_(0x00_set_to_0x17),FALSE
61:bc:86:fc:6f:49:99:29:38:e9:d4:0d:4a:42:c5:4b:7b:36:7e:d9:5e:a3:48:d9:55:36:d2:b8:de:f8:e0:27,No_0x00_in_message,FALSE
e9:f7:59:34:ff:4c:60:e0:84:cb:92:19:37:e9:2e:c4:d9:76:58:87:91:1a:9d:5e:c6:a2:5a:f8:08:b6:99:dc,Correctly_formatted_PKCS#1_PMS_message,FALSE
b1:4c:35:22:4e:fc:35:85:5a:1e:e5:19:b1:80:77:c0:b1:e3:2e:c1:73:17:96:96:49:06:20:82:71:a4:3c:4e,0x00_on_the_next_to_last_position_(|PMS|_=_1),FALSE
16:d7:b3:d3:2c:a9:9a:e9:ed:1c:28:6c:21:01:6c:04:af:6c:5f:a2:1d:69:76:d6:2f:65:a4:79:a2:82:5a:88,Wrong_second_byte_(0x02_set_to_0x17),FALSE
b8:92:e4:01:0c:a4:00:02:b0:97:7b:ec:d7:cb:11:d7:21:19:a7:f9:e1:51:dc:f4:a2:ec:8c:9d:89:d6:1e:f2,0x00_on_the_last_position__(|PMS|_=_0),FALSE
7e:05:bb:7e:14:4a:3b:a8:5d:d0:06:1b:78:db:00:77:61:9c:d3:e9:0e:6b:65:b7:b5:f5:74:7e:fb:7d:18:6b,No_0x00_in_message,FALSE
64:91:33:4e:46:36:23:d1:45:4c:c4:40:3e:9b:4f:4e:5f:7c:e9:60:e7:90:07:9c:1e:07:74:67:df:56:f4:a1,Correctly_formatted_PKCS#1_message__(|PMS|_=_47),FALSE
ac:d8:da:74:32:3b:7e:52:3b:2c:80:79:34:e8:e2:10:33:37:9e:ed:ce:36:80:65:f3:e6:dc:e5:1d:f6:d3:c2,0x00_on_the_next_to_last_position_(|PMS|_=_1),FALSE
ec:17:a1:9c:ce:e6:cd:51:cf:3f:0a:7a:7f:aa:05:3f:6c:36:e9:df:a5:76:51:76:2a:32:6a:f6:ba:01:22:45,Wrong_first_byte_(0x00_set_to_0x17),FALSE
a2:1e:4c:12:96:ee:d0:58:09:e6:eb:e4:1a:10:32:a4:a9:65:5a:fd:6b:e1:21:89:79:2c:d7:ca:8f:74:89:c9,Wrong_second_byte_(0x02_set_to_0x17),FALSE
93:da:2c:5d:de:74:c6:30:40:83:7e:db:a7:59:f8:9d:6e:8c:4a:09:e4:08:de:1c:67:a4:af:99:ba:c0:33:a6,Correctly_formatted_PKCS#1_message__(|PMS|_=_47),FALSE
64:18:bd:71:07:e9:12:be:bb:88:e3:ee:21:75:14:f9:f8:e6:1d:aa:e9:6a:8c:25:d9:f5:18:9f:8d:1a:33:8e,0x00_in_some_padding_byte,FALSE
e1:28:3c:ac:f8:d3:f9:60:5a:df:40:c5:c7:bc:1e:7f:55:e3:16:2b:ea:f2:a4:73:52:24:06:31:b1:c9:c6:a3,Wrong_first_byte_(0x00_set_to_0x17),FALSE
e0:b1:65:2a:4f:e9:62:09:f6:54:28:2e:f1:a3:60:04:1e:4e:d0:63:dd:07:02:f7:64:a4:68:47:d9:c6:c3:73,0x00_in_PKCS#1_padding_(first_8_bytes_after_0x00_0x02),FALSE
1e:f4:32:6d:3f:cd:a8:51:86:9a:e0:e0:d6:78:0a:be:ee:27:24:93:9d:aa:57:af:aa:33:67:2a:0c:1a:ee:1b,Correctly_formatted_PKCS#1_PMS_message,FALSE
f1:64:7c:cc:e1:f8:8c:05:29:72:be:7a:e5:f4:c4:d3:e4:5e:69:7e:f2:f0:71:a9:1d:1b:e0:79:2c:42:3f:53,0x00_in_PKCS#1_padding_(first_8_bytes_after_0x00_0x02),FALSE
53:31:96:d8:63:49:cb:ff:49:7d:26:70:15:f1:2f:68:f2:30:59:70:74:21:4e:fc:98:22:81:8f:a4:9e:9c:58,0x00_in_PKCS#1_padding_(first_8_bytes_after_0x00_0x02),FALSE
80:70:9a:88:45:8e:14:76:df:14:5b:b1:33:bf:03:ac:5b:bc:a9:8a:35:ff:44:0d:a6:09:69:f0:56:97:3d:d9,0x00_in_PKCS#1_padding_(first_8_bytes_after_0x00_0x02),FALSE
26:64:38:12:46:28:ed:61:ff:64:02:d6:8e:9f:73:53:14:57:76:9f:0e:f3:60:ed:9d:ac:e9:84:e8:02:40:42,0x00_on_the_next_to_last_position_(|PMS|_=_1),FALSE
22:aa:7e:d1:e7:5d:c0:47:bd:3d:88:66:29:2f:90:1b:8e:4b:26:a0:67:d4:8b:68:33:86:0f:4c:84:8e:48:e8,0x00_on_the_last_position__(|PMS|_=_0),FALSE
3b:dc:9d:a2:0d:33:75:01:cd:6a:aa:c5:6c:8c:23:1e:1a:bf:5d:98:65:de:30:58:d2:9b:05:78:b9:8f:f9:ba,Correctly_formatted_PKCS#1_PMS_message,FALSE
98:7f:21:58:3a:b4:a9:d2:00:b6:d4:10:9f:98:db:d1:80:b0:9f:e8:a6:30:ca:02:c8:1f:72:17:4f:8f:d6:61,0x00_in_some_padding_byte,FALSE
12:f5:53:0c:3a:9e:c1:0c:e3:74:de:c4:3c:03:0a:85:81:bc:d2:56:f2:93:13:b8:07:83:1e:fc:80:21:d8:25,No_0x00_in_message,FALSE
19:8f:03:17:57:cc:e7:17:83:41:cf:26:0b:11:da:82:b3:f0:a9:af:22:f3:9a:ec:53:d9:68:68:76:03:32:69,Wrong_first_byte_(0x00_set_to_0x17),FALSE
71:08:b0:56:f3:0c:ed:63:8d:02:0e:f0:5a:b2:88:8f:47:d7:ae:db:4b:d2:79:23:b6:fd:77:cb:36:de:c3:6e,Wrong_second_byte_(0x02_set_to_0x17),FALSE
5f:e0:c3:fa:75:98:c7:5c:8a:73:8a:59:e0:88:f4:8d:c3:dd:9a:ad:c9:29:96:45:5a:07:65:61:7d:44:6e:12,0x00_on_the_last_position__(|PMS|_=_0),FALSE
d6:cd:e8:16:bd:e3:ee:0a:9c:b7:36:ae:0e:a0:21:4c:c3:6d:b7:d3:f3:3b:9b:30:ed:9c:bd:f7:7b:47:1f:4a,Correctly_formatted_PKCS#1_message__(|PMS|_=_47),FALSE
bc:0d:91:7f:f0:6d:e3:4c:ee:7a:2d:f3:1c:92:12:5d:e7:43:53:21:ff:13:11:57:53:25:12:ed:7d:38:a0:9f,Correctly_formatted_PKCS#1_PMS_message__but_1_byte_shorter,FALSE
91:25:2b:e4:1d:48:4e:d9:31:aa:76:4b:2e:a2:ca:a8:bc:33:25:b6:7a:94:2a:fc:9c:ca:68:2e:f5:59:c3:fb,0x00_on_the_last_position__(|PMS|_=_0),FALSE
c8:e3:57:82:c1:0c:cc:e3:58:63:bc:10:31:12:35:0a:46:43:3a:4d:e4:26:e0:1e:e9:34:17:39:ed:96:58:07,0x00_in_some_padding_byte,FALSE
70:dc:8b:33:05:3c:e9:cd:ef:4d:56:f9:42:98:75:ab:1b:02:02:e9:22:f8:26:2b:eb:08:94:31:85:f2:87:57,Invalid_TLS_version_in_PMS,FALSE
6a:f7:14:1b:8c:1a:a8:67:ad:04:b7:bf:ab:57:0a:88:8d:88:f3:1b:bb:85:a8:6c:b6:68:15:1e:32:6c:de:95,Invalid_TLS_version_in_PMS,FALSE
20:5d:a7:31:f9:26:ea:3d:22:1a:12:e0:70:5d:cd:0e:e8:16:17:24:9c:78:5a:26:81:19:cf:0d:1b:7b:bd:db,0x00_in_PKCS#1_padding_(first_8_bytes_after_0x00_0x02),FALSE
4c:bd:c8:c6:b3:73:61:2b:e0:f6:4c:a8:43:00:6b:22:29:98:40:8d:67:0f:33:21:35:8d:ec:97:27:6b:42:6b,0x00_on_the_next_to_last_position_(|PMS|_=_1),FALSE
b4:96:99:fa:4c:a4:73:07:5c:44:85:74:c2:8e:47:8c:7e:1b:1a:4c:a7:22:cf:21:e0:58:d0:db:29:3c:b0:ca,No_0x00_in_message,FALSE
f0:9a:ae:4e:0d:39:24:44:be:af:aa:3a:42:da:1b:90:0a:e1:b7:e3:1d:aa:3b:e7:03:26:59:62:10:fe:35:11,Wrong_second_byte_(0x02_set_to_0x17),FALSE
f0:2b:19:2f:ea:e4:02:87:91:2f:c5:01:8b:ab:bc:40:0c:97:c0:86:88:1b:c4:73:4c:04:44:0e:0a:6d:84:da,0x00_on_the_next_to_last_position_(|PMS|_=_1),FALSE
07:89:2f:0e:31:4f:0c:ec:6d:41:c1:c2:5c:04:6c:67:e1:1e:ef:4f:b9:e8:66:94:a2:5a:d9:e0:8c:64:7d:58,0x00_in_PKCS#1_padding_(first_8_bytes_after_0x00_0x02),FALSE
4a:55:0d:2e:85:2c:c7:0a:c4:0f:6b:ea:ee:10:7a:f4:df:ed:b4:c0:ba:12:0d:2d:cf:c4:fd:c0:dc:8c:d8:15,Correctly_formatted_PKCS#1_PMS_message,FALSE
bc:ff:dc:68:7c:ac:0f:66:c1:53:38:25:6e:11:37:8e:36:89:23:32:59:11:c4:36:58:e5:0a:9b:7a:92:22:47,Correctly_formatted_PKCS#1_PMS_message__but_1_byte_shorter,FALSE
c1:4f:1c:83:21:3d:64:28:b7:cc:af:be:ce:ae:5f:d8:19:42:9d:08:50:03:5f:55:56:c8:ad:7a:94:7e:ba:65,Wrong_first_byte_(0x00_set_to_0x17),FALSE
08:59:de:09:31:65:49:a0:8c:b7:ce:7a:c1:71:62:07:c9:b3:23:d2:33:03:f6:b1:ec:0f:c8:0e:fe:83:31:9d,0x00_on_the_next_to_last_position_(|PMS|_=_1),FALSE
f6:cc:8d:ef:52:b1:85:c7:4a:f2:68:13:b9:63:e2:ba:ad:88:59:c4:d2:01:cb:22:03:7a:a5:29:5b:a6:dc:80,Invalid_TLS_version_in_PMS,FALSE
52:6a:8b:28:6d:71:30:6b:90:aa:4f:70:c4:e9:ab:09:14:ae:fb:82:b2:09:81:17:40:b5:47:5a:fc:64:3f:22,0x00_in_PKCS#1_padding_(first_8_bytes_after_0x00_0x02),FALSE
2a:2d:01:bf:ac:a4:d2:ed:5d:8b:26:44:93:7e:7c:e8:dd:7d:4b:8a:9f:e6:bf:d9:25:9d:c3:ac:73:ab:98:74,0x00_in_PKCS#1_padding_(first_8_bytes_after_0x00_0x02),FALSE
e3:1d:ad:c3:bf:be:b1:67:c5:5b:7c:00:57:fe:06:d1:f6:2a:33:bd:6a:65:b3:c6:20:0c:54:ce:c4:ce:df:b8,Invalid_TLS_version_in_PMS,FALSE
18:6a:08:bb:34:6b:c8:e7:7b:ac:65:92:f9:47:59:b0:98:e6:57:f0:1e:da:6f:c5:72:ba:c1:6a:38:d9:9b:e6,Wrong_first_byte_(0x00_set_to_0x17),FALSE
fc:1d:67:a6:a6:cf:d5:1a:0d:cb:dd:7d:21:09:22:0f:c4:16:cb:5c:60:c7:c1:14:c3:fe:35:b1:ce:8c:40:12,Wrong_first_byte_(0x00_set_to_0x17),FALSE
b9:11:37:ea:ce:cb:e5:ff:9d:45:5d:51:be:7a:04:13:5f:48:56:6d:43:6f:09:5c:79:85:d1:90:f7:32:c8:b7,Invalid_TLS_version_in_PMS,FALSE
89:7e:9b:d1:43:05:3c:3a:8c:8c:72:18:86:ab:94:90:51:51:30:48:b2:39:6e:7f:c8:d3:73:61:ad:61:31:8f,Wrong_first_byte_(0x00_set_to_0x17),FALSE
74:92:df:51:02:07:98:1a:b2:1e:d8:b2:f9:89:71:97:99:07:f3:2b:32:e2:db:66:65:b0:86:af:b0:79:d0:60,Wrong_second_byte_(0x02_set_to_0x17),FALSE
c7:8f:4e:1a:01:44:e8:ee:3c:97:e6:1e:33:a5:c2:0c:b6:12:1d:df:b1:88:ef:b9:bc:40:ff:b6:a0:37:05:6c,Wrong_first_byte_(0x00_set_to_0x17),FALSE
56:f6:91:79:8f:3a:92:c5:e7:b8:1b:92:6a:4c:23:32:87:3c:2a:c8:06:8c:9a:44:8b:9e:e5:94:ff:6f:94:2f,0x00_on_the_last_position__(|PMS|_=_0),FALSE
5a:f3:31:6e:02:02:59:d6:78:e7:5d:1e:5f:3b:f4:77:e0:24:db:d2:e0:41:d8:92:67:73:4a:b3:74:94:82:51,Wrong_second_byte_(0x02_set_to_0x17),FALSE
34:11:de:89:9d:3b:4d:f0:b7:be:56:1e:51:70:6e:01:32:99:50:2c:03:7a:50:c9:57:1a:c1:b8:c0:e7:fd:ff,0x00_on_the_next_to_last_position_(|PMS|_=_1),FALSE
ab:7e:c3:af:90:86:2c:72:93:b1:c2:ce:36:70:73:b7:21:61:fc:89:74:5a:78:7e:70:86:67:ac:92:1e:0e:4e,Correctly_formatted_PKCS#1_PMS_message__but_1_byte_shorter,FALSE
ee:a5:f2:55:95:1c:a9:a3:47:c7:b7:b8:e0:c7:1f:61:03:ff:c6:1d:c3:a5:9e:c1:91:b1:56:14:2b:66:a3:78,Correctly_formatted_PKCS#1_message__(|PMS|_=_47),FALSE
79:b8:37:a9:e3:43:93:33:b4:f5:86:0a:00:d6:30:58:65:18:13:59:50:95:53:36:25:ff:28:90:64:11:32:82,Correctly_formatted_PKCS#1_message__(|PMS|_=_47),FALSE
2c:31:14:ed:e3:10:fe:bf:a8:05:ce:ba:f7:5d:5b:d8:f3:f0:96:3e:17:5d:f6:86:1b:33:6b:b0:79:be:97:e3,0x00_in_PKCS#1_padding_(first_8_bytes_after_0x00_0x02),FALSE
0a:a5:56:c5:00:51:7c:31:8e:cd:b9:06:01:e0:5f:e8:b5:05:e4:d6:93:60:63:71:5d:ad:63:72:82:b9:a5:58,No_0x00_in_message,FALSE
4e:6c:44:00:32:90:2c:2d:e7:1a:77:0f:ca:23:87:d1:68:77:ae:f0:b6:4b:6f:29:86:0b:9e:b1:51:b8:40:a6,0x00_in_PKCS#1_padding_(first_8_bytes_after_0x00_0x02),FALSE
60:6b:92:d9:75:2f:c8:82:b3:95:31:0a:34:c3:ff:c4:2b:76:9a:df:28:2d:5e:eb:cc:63:0e:03:3e:05:b8:d2,0x00_in_some_padding_byte,FALSE
5f:49:b9:fe:e2:4b:75:a1:1b:3a:00:3c:97:3b:41:b3:3e:5d:bc:10:f6:1d:63:41:42:7a:5c:b9:91:fe:13:ca,0x00_in_PKCS#1_padding_(first_8_bytes_after_0x00_0x02),FALSE
5c:f7:44:c1:40:c9:ff:6e:87:6f:74:aa:42:53:30:ab:8d:3e:65:24:00:c7:e3:fe:50:ce:46:78:8b:f4:0d:1a,Correctly_formatted_PKCS#1_PMS_message__but_1_byte_shorter,FALSE
4d:b1:d3:9a:bf:0c:c2:29:d1:2f:a4:2c:a6:39:98:57:95:79:67:eb:15:2b:96:7e:2a:df:0c:e4:2e:fc:57:62,0x00_in_PKCS#1_padding_(first_8_bytes_after_0x00_0x02),FALSE
b5:67:b7:75:2e:fd:42:9b:28:56:3c:93:5f:5c:41:0c:1e:36:80:65:dd:02:68:12:f4:fc:ec:d3:58:cb:29:fc,0x00_on_the_last_position__(|PMS|_=_0),FALSE
c0:bf:66:0b:4f:b4:7e:9f:82:3a:55:b3:20:7c:a5:0d:4d:10:29:01:e5:ce:5f:22:bc:40:61:dd:3b:48:7d:78,Correctly_formatted_PKCS#1_PMS_message,FALSE
29:a4:33:02:63:b4:1e:17:c5:6f:97:a8:06:d9:74:86:69:0f:8f:e0:d4:be:6f:71:bc:5d:2a:ef:cb:6b:51:24,0x00_on_the_last_position__(|PMS|_=_0),FALSE
2f:24:f5:41:29:b4:0b:3e:f7:07:51:6c:7e:c3:95:9b:5e:c3:e1:bd:dd:65:71:94:45:b5:37:1b:5e:9f:c0:ff,Correctly_formatted_PKCS#1_PMS_message,FALSE
5d:37:3e:f7:f6:69:38:1b:36:36:11:8b:9a:9a:21:5f:1a:db:e0:e7:f4:c4:3a:ac:7c:a4:ea:a9:08:ba:52:b9,No_0x00_in_message,FALSE
3a:c6:bf:aa:37:27:d4:57:cf:2b:89:fc:a1:d0:01:b6:72:29:af:52:d4:0b:88:57:be:1d:d3:57:39:78:91:f0,0x00_in_some_padding_byte,FALSE
39:49:61:3b:c4:d5:30:5b:d4:d4:86:3a:7d:9e:33:cf:1a:16:e1:3b:b3:2b:f5:c0:47:d7:53:e7:66:71:24:6e,Wrong_first_byte_(0x00_set_to_0x17),FALSE
47:5b:0d:a4:cb:a3:84:e3:76:0d:34:c5:d7:ca:cb:bd:67:72:65:b6:ef:9c:43:b7:32:af:48:59:8f:d1:b6:e0,Correctly_formatted_PKCS#1_PMS_message__but_1_byte_shorter,FALSE
cf:a9:1e:ff:e5:1d:9c:f8:e5:7e:86:60:1c:e5:22:e9:86:2b:1e:e3:0b:66:f8:ee:3a:2f:f1:7f:41:f3:32:46,Correctly_formatted_PKCS#1_message__(|PMS|_=_47),FALSE
f3:55:1b:8c:f5:aa:ec:71:59:30:b5:5c:54:df:fa:aa:9f:a0:c2:a3:95:d9:61:a8:e5:af:3b:cc:31:3c:c4:32,Invalid_TLS_version_in_PMS,FALSE
09:12:00:d1:69:1e:29:a6:16:d9:0c:46:fc:46:79:c8:3e:9c:84:e4:74:e5:fd:f9:a6:08:ce:88:c9:61:d4:f8,0x00_in_PKCS#1_padding_(first_8_bytes_after_0x00_0x02),FALSE
dd:0b:85:d3:7c:98:e3:75:18:e7:81:b5:e8:bc:ed:45:4e:56:b8:ea:5d:41:14:aa:99:9f:03:a6:f3:27:8a:ea,0x00_in_some_padding_byte,FALSE
ac:66:34:76:49:0d:47:07:d6:a9:0f:8d:da:03:26:87:22:d9:70:4c:19:0a:58:f5:f4:8a:7a:b1:7c:5d:c1:6a,No_0x00_in_message,FALSE
cd:2c:4c:19:64:f8:97:c9:ff:8a:bd:f7:f9:91:07:ac:27:18:85:e3:50:0e:8c:c3:9a:4e:df:b7:3d:72:dc:71,0x00_in_PKCS#1_padding_(first_8_bytes_after_0x00_0x02),FALSE
7f:b3:fd:10:ab:90:cf:97:98:2f:b5:6a:45:b2:7b:9e:2f:1a:ec:f0:ff:b1:31:c4:ac:4f:73:35:30:0a:da:14,No_0x00_in_message,FALSE
50:3e:56:60:ea:79:42:3a:18:43:61:1f:0d:d8:3f:ed:0e:c3:07:03:ff:00:74:cb:7c:3d:65:a0:f4:ed:eb:0d,No_0x00_in_message,FALSE
8d:0f:05:58:ed:57:28:59:39:89:d3:3c:6f:5a:ae:ad:1e:6c:0e:ec:f2:15:6f:40:8f:f1:cc:a6:da:28:7e:32,0x00_on_the_next_to_last_position_(|PMS|_=_1),FALSE
2f:d1:6c:b8:57:2d:ee:2e:8c:d2:a4:fe:66:cf:39:cb:c3:d8:67:27:34:37:d2:88:b6:8f:85:b6:c7:67:96:ef,0x00_on_the_next_to_last_position_(|PMS|_=_1),FALSE
de:78:83:a7:15:fc:d9:33:27:dc:53:36:04:f5:95:74:37:9f:12:c7:76:5b:e4:f7:9f:5f:81:7f:6c:25:7e:e3,0x00_in_PKCS#1_padding_(first_8_bytes_after_0x00_0x02),FALSE
7c:22:e3:8a:26:a1:98:8b:2b:dc:d3:7c:7b:e6:ff:2a:a1:c7:2d:50:4a:62:3c:57:76:f5:a8:22:2c:57:1c:3a,0x00_in_some_padding_byte,FALSE
1d:45:bd:7f:96:6a:00:df:fc:24:26:3c:3e:cf:71:06:6c:05:49:0a:0f:65:3e:f4:86:e5:18:04:88:84:f7:3f,Invalid_TLS_version_in_PMS,FALSE
04:e0:e3:91:47:9c:ec:f7:5b:19:dc:23:5c:b4:2c:ba:d9:7b:18:af:70:2f:9a:44:67:c5:b1:06:94:4b:fc:cf,0x00_in_some_padding_byte,FALSE
fd:d5:31:9a:8a:f5:93:3f:a3:32:aa:e7:9a:87:5e:bc:06:d3:a1:33:98:86:82:8d:cb:61:be:3f:df:32:5d:80,Wrong_first_byte_(0x00_set_to_0x17),FALSE
5f:68:ef:e2:81:ee:b8:7f:bd:3c:f2:5e:36:7a:f6:0c:e5:ec:54:5a:63:e3:f8:f1:40:1d:67:0e:95:06:bf:5d,Wrong_second_byte_(0x02_set_to_0x17),FALSE
68:23:24:90:ce:66:30:62:46:01:c2:4c:d6:02:f8:b9:58:cc:4d:9c:8d:e9:a9:57:9f:eb:5b:9b:64:68:1a:c7,Correctly_formatted_PKCS#1_message__(|PMS|_=_47),FALSE
02:29:e7:50:4c:ed:5d:ca:3d:2d:a4:19:9d:9f:03:97:fa:07:63:cc:63:dc:78:52:52:d8:fd:fb:20:67:41:bb,Wrong_first_byte_(0x00_set_to_0x17),FALSE
b4:32:c8:ca:ab:af:0a:cb:94:d1:ab:6e:1f:ef:96:a4:66:84:86:3f:64:2d:f8:ab:5a:85:7a:10:c9:2b:ba:37,0x00_in_PKCS#1_padding_(first_8_bytes_after_0x00_0x02),FALSE
f8:40:21:94:97:02:3c:eb:79:04:5e:7e:42:1e:43:70:c1:e0:0d:f8:6f:30:13:f2:75:8d:a7:1a:fe:9e:9c:93,No_0x00_in_message,FALSE
73:09:24:9a:e6:14:b6:a4:24:c2:2d:b3:98:bb:e4:f6:57:1b:ba:2e:74:3a:b3:e7:db:35:d0:56:df:96:45:e3,Correctly_formatted_PKCS#1_message__(|PMS|_=_47),FALSE
2d:5d:da:34:50:04:a5:6b:98:53:34:a6:3c:a5:20:f7:aa:83:ee:87:10:c3:08:f2:fb:21:ae:c7:2a:f3:1b:27,Correctly_formatted_PKCS#1_PMS_message__but_1_byte_shorter,FALSE
99:e3:ca:56:78:97:19:66:fc:ab:c8:f6:a3:64:f6:66:2d:f9:30:8c:fb:e1:d7:04:63:52:90:32:c8:da:b5:40,Correctly_formatted_PKCS#1_PMS_message__but_1_byte_shorter,FALSE
71:6b:9f:91:ab:2e:ca:48:0c:b4:18:09:16:31:93:f1:89:b1:de:d8:2f:45:5b:86:99:e5:72:d6:bf:50:48:e9,No_0x00_in_message,FALSE
0e:c0:ba:c1:38:e4:be:01:83:60:40:de:95:a9:c5:75:1e:c0:66:30:3a:d4:05:36:ac:b3:4a:ee:23:3b:d5:5a,0x00_on_the_last_position__(|PMS|_=_0),FALSE
9c:53:40:57:7f:60:ef:a8:d2:25:df:59:35:3d:08:77:65:42:77:bc:d5:6a:9e:b7:63:2b:1d:9c:90:9b:1c:30,Wrong_second_byte_(0x02_set_to_0x17),FALSE
ea:83:0e:a7:36:d9:80:76:6d:76:18:04:b6:3e:17:9e:74:73:27:f4:c9:3d:5a:ba:42:54:31:a6:9a:d9:ea:0a,Correctly_formatted_PKCS#1_PMS_message__but_1_byte_shorter,FALSE
7e:f2:75:7c:33:f0:57:a4:2b:43:bb:66:57:5c:44:2d:a0:7d:6b:3d:ca:8d:57:d0:55:fe:de:f5:ae:98:c5:aa,Wrong_second_byte_(0x02_set_to_0x17),FALSE
e6:53:ea:e9:aa:bd:92:69:5f:64:ef:2c:bb:e6:1b:ba:f4:e2:c3:85:89:0f:5e:52:6b:3b:76:be:76:c7:81:39,0x00_in_PKCS#1_padding_(first_8_bytes_after_0x00_0x02),FALSE
7b:28:d4:66:03:e9:74:a2:ee:71:16:b9:3f:41:0b:69:e0:6f:ac:06:5d:c1:6b:13:f2:73:8a:bf:5e:06:9a:74,0x00_in_some_padding_byte,FALSE
cb:24:19:25:92:31:9f:5e:5c:0b:8f:e7:28:21:59:27:08:a0:ee:ef:e4:20:81:94:28:ef:0b:9e:26:79:dc:7f,Invalid_TLS_version_in_PMS,FALSE
05:7e:a3:a0:b4:0b:5b:cc:d4:04:9d:75:c4:dd:b8:20:5e:bb:d4:fa:ea:5a:30:06:05:4e:09:a8:52:a4:23:16,0x00_on_the_last_position__(|PMS|_=_0),FALSE
e0:36:df:94:79:ac:31:a5:3b:d8:bf:ea:31:d7:1d:10:49:69:2f:58:3e:12:52:e7:0a:c1:9b:3a:df:f7:b4:a9,Invalid_TLS_version_in_PMS,FALSE
52:ba:01:6b:ef:5a:00:b9:75:43:3b:e7:de:8d:07:62:8d:9d:5c:9a:d4:f3:4c:0a:95:a4:67:9a:23:f2:b1:e4,Correctly_formatted_PKCS#1_PMS_message,FALSE
b1:05:47:06:05:af:bc:9c:b6:9a:c0:3b:12:37:98:b9:1f:e2:dc:53:b5:a5:02:8c:f4:74:6a:8f:bc:17:59:d8,0x00_on_the_last_position__(|PMS|_=_0),FALSE
00:5d:4d:7b:d0:9a:05:0d:d2:9d:0e:a4:6d:15:9d:9b:32:7d:07:63:0b:3d:45:83:75:43:2c:e0:58:0f:d1:4d,Correctly_formatted_PKCS#1_message__(|PMS|_=_47),FALSE
a3:7c:2f:29:35:a1:1d:d3:d2:e9:93:f6:00:4e:96:8e:88:e7:12:5c:b3:3e:c6:c3:06:ce:dc:99:08:1d:24:6b,0x00_in_PKCS#1_padding_(first_8_bytes_after_0x00_0x02),FALSE
86:49:9b:d5:79:cc:44:cb:98:78:d7:a3:bd:da:1a:7c:62:56:67:9c:5b:71:16:bd:28:d3:b3:44:85:bf:e0:c8,Wrong_first_byte_(0x00_set_to_0x17),FALSE
1f:ca:d1:92:78:47:4c:1d:b1:b8:6f:02:16:fb:6b:9f:4d:b0:72:9b:d7:ec:5b:8b:42:cd:92:f8:9a:a9:a6:4e,Correctly_formatted_PKCS#1_message__(|PMS|_=_47),FALSE
a1:ab:d8:8d:9f:a1:6f:0b:85:11:a8:1e:28:0d:4b:d3:08:56:c0:e8:11:1b:ca:7a:e8:da:3a:ad:44:ee:6b:45,No_0x00_in_message,FALSE
74:46:1a:c7:08:d3:ab:6d:0d:6c:64:33:f4:19:92:25:2b:76:8d:97:3e:e5:1c:cd:a1:ae:ae:ec:65:13:cf:66,Correctly_formatted_PKCS#1_PMS_message__but_1_byte_shorter,FALSE
1f:3e:94:29:6d:f9:c1:49:95:87:72:f2:3c:9e:c2:a5:db:fc:37:9e:bc:0a:0d:83:16:ba:8c:09:15:7a:03:c2,0x00_on_the_next_to_last_position_(|PMS|_=_1),FALSE
91:60:7e:9a:29:66:66:a7:e6:9f:66:76:e4:51:76:84:b7:76:8b:4f:3d:25:cc:7c:c2:44:29:97:b0:77:4a:06,Wrong_second_byte_(0x02_set_to_0x17),FALSE
b5:39:cb:95:3c:ff:86:bb:e1:28:07:3a:47:ed:19:e9:ee:c1:29:60:19:18:6d:7c:5c:f1:6f:78:69:5a:47:e4,Correctly_formatted_PKCS#1_PMS_message__but_1_byte_shorter,FALSE
47:b2:45:b4:3d:83:1f:8e:35:ae:fe:db:c2:5e:7d:51:0e:fe:38:69:fb:3b:3b:59:4f:08:42:48:93:8a:37:86,0x00_on_the_last_position__(|PMS|_=_0),FALSE
c9:57:f7:7e:df:4c:6a:51:57:58:eb:a9:46:10:d7:3f:3f:77:a0:d9:60:63:76:a3:40:08:1a:e8:64:b4:7f:75,0x00_on_the_last_position__(|PMS|_=_0),FALSE
b7:0e:0f:37:ce:d5:3e:76:9d:3a:38:64:ff:fa:65:1f:87:b2:67:87:98:74:3c:37:cb:57:e8:95:a5:58:bb:bb,Correctly_formatted_PKCS#1_PMS_message,FALSE
4c:15:9f:c4:a0:cd:e0:3a:b5:b7:7d:e9:84:92:7c:d7:f3:36:8b:44:92:9c:3d:b3:0a:1a:45:16:1c:f3:08:50,0x00_in_PKCS#1_padding_(first_8_bytes_after_0x00_0x02),FALSE
14:e1:e4:20:fe:26:fa:b4:6a:5c:5c:4b:6c:5e:26:df:06:d0:79:de:c7:e0:0b:85:6f:cd:93:30:04:81:7c:d9,0x00_on_the_next_to_last_position_(|PMS|_=_1),FALSE
1e:cc:80:e4:21:dc:22:90:63:56:5d:ab:66:a0:56:81:21:6e:00:ad:7f:27:29:8e:1c:2d:97:49:57:cb:07:46,Wrong_first_byte_(0x00_set_to_0x17),FALSE
e5:56:e4:8e:f9:aa:bc:c4:68:c7:b4:e2:bf:9b:ed:97:a0:3a:72:e6:f8:a3:81:e8:31:8c:e2:2a:1b:e8:8f:f7,0x00_on_the_last_position__(|PMS|_=_0),FALSE
97:dd:5f:15:b4:84:5e:bf:2e:84:55:67:3e:b9:9b:fe:51:42:ae:04:8d:16:18:5a:31:fa:8e:4c:25:08:de:11,Wrong_second_byte_(0x02_set_to_0x17),FALSE
68:e8:ae:f9:5e:3b:9b:19:54:5d:dc:67:e3:96:13:24:b2:9b:fa:99:8e:69:79:1a:3c:c2:69:98:d9:17:42:9e,0x00_on_the_next_to_last_position_(|PMS|_=_1),FALSE
23:17:7b:08:f6:c6:ce:3f:f0:1e:57:c6:1a:73:52:84:27:21:00:f6:97:bb:f1:74:20:45:c4:1d:b9:64:41:88,0x00_on_the_next_to_last_position_(|PMS|_=_1),FALSE
c7:aa:b8:75:bc:12:e3:b5:f4:2c:61:28:97:e8:52:bf:94:e9:f7:52:b3:b4:30:29:55:ae:fa:00:30:80:00:a4,0x00_in_some_padding_byte,FALSE
12:42:39:14:a3:74:44:02:9c:d4:b9:9c:e8:71:d5:e0:cc:55:b3:ba:52:45:f9:41:15:6f:4b:de:77:61:19:d7,Correctly_formatted_PKCS#1_message__(|PMS|_=_47),FALSE
3d:c3:e2:85:98:47:bc:57:1a:e1:c8:f9:ec:57:f7:a7:92:19:be:b8:c7:c6:31:1a:04:07:b6:5d:10:23:2e:24,0x00_in_some_padding_byte,FALSE
10:82:f7:2a:05:b1:24:46:55:6f:cd:a0:68:ba:bb:c6:0f:16:04:67:1f:59:c1:6c:5f:0a:af:dd:11:3d:b7:49,No_0x00_in_message,FALSE
5a:1f:58:b7:8e:29:a6:ad:1d:51:57:69:99:b0:9f:b5:d4:1c:12:72:84:c1:af:c9:7c:05:8a:77:46:f9:1e:8f,Correctly_formatted_PKCS#1_PMS_message,FALSE
e3:51:52:2e:6e:6b:1e:32:75:e7:44:89:bf:d2:7c:6f:5b:29:48:fd:35:24:0f:fd:43:02:40:68:21:d8:cf:e3,0x00_in_some_padding_byte,FALSE
0c:96:fb:72:96:d1:cb:7a:91:15:70:1a:45:35:0b:dc:57:fc:ca:7d:3e:7c:1d:a0:98:5b:0a:fa:e0:19:86:43,Wrong_first_byte_(0x00_set_to_0x17),FALSE
56:a4:79:65:91:48:4e:36:a9:37:fd:00:af:fd:94:23:f0:25:21:f7:7e:cc:32:8f:72:ed:d0:c8:b3:98:36:0b,0x00_in_PKCS#1_padding_(first_8_bytes_after_0x00_0x02),FALSE
18:96:de:a5:6f:3e:57:ce:41:07:e1:9f:38:cf:28:13:27:bd:01:6c:f5:cf:80:99:62:53:8b:75:05:74:34:ea,0x00_on_the_next_to_last_position_(|PMS|_=_1),FALSE
83:7f:a9:2a:c3:99:e2:a6:98:d9:e1:1a:bc:1a:9a:29:06:d5:cd:67:a8:c8:64:a8:18:70:1d:bb:86:34:83:d8,Invalid_TLS_version_in_PMS,FALSE
21:da:f3:77:b6:48:e4:a3:b7:33:e2:19:09:f9:01:ac:7a:fd:25:95:12:f4:93:ff:04:10:25:87:62:4b:63:eb,Invalid_TLS_version_in_PMS,FALSE
dc:62:ef:15:68:0e:87:f6:a6:f5:9b:e6:c0:a4:61:80:be:ac:fe:7f:37:48:39:b0:9b:ba:2f:1e:1a:ec:43:dd,Correctly_formatted_PKCS#1_PMS_message,FALSE
73:0f:a4:83:48:26:48:ff:d8:69:1e:b5:4e:48:4d:98:5e:c4:69:bf:ff:75:3c:45:10:b3:54:09:9e:b1:87:8d,Correctly_formatted_PKCS#1_PMS_message,FALSE
9d:7c:61:9f:10:0b:6a:4f:d4:be:69:10:ca:b9:84:ce:10:07:3d:b1:92:c7:e1:d4:82:44:b7:c6:ca:05:58:4c,0x00_in_PKCS#1_padding_(first_8_bytes_after_0x00_0x02),FALSE
2f:44:45:0b:ca:2a:5a:59:60:da:68:ab:52:fa:46:5e:11:19:d1:8d:ff:6f:38:04:81:d6:76:40:72:7b:3e:a7,Wrong_second_byte_(0x02_set_to_0x17),FALSE
8b:31:95:3e:1a:d3:d8:84:d0:bb:85:2b:2f:5a:d9:5e:12:df:fe:6e:68:01:0b:12:25:6f:c2:52:76:8f:f1:90,0x00_on_the_last_position__(|PMS|_=_0),FALSE
86:1a:d0:55:95:83:dd:1d:42:b3:5b:15:5e:12:42:32:47:74:7d:d2:f0:77:8e:ed:eb:aa:31:ee:53:be:a4:49,Correctly_formatted_PKCS#1_message__(|PMS|_=_47),FALSE
34:52:4f:d6:d4:44:d1:24:aa:f0:5c:a2:3a:f2:3d:46:56:fa:ba:76:e0:f5:44:7a:07:d2:3c:38:8d:66:f4:88,0x00_in_some_padding_byte,FALSE
25:7a:76:78:5f:e7:de:7c:30:ea:40:85:1e:fc:ad:ee:df:4c:1e:ab:de:5c:51:e8:a8:ea:09:51:d6:4b:84:33,Correctly_formatted_PKCS#1_PMS_message,FALSE
0b:9b:70:00:6c:9d:f1:53:d4:88:cc:42:e4:18:24:47:29:8a:73:d1:73:89:ca:77:0f:23:14:f4:81:91:56:30,0x00_in_some_padding_byte,FALSE
08:96:d2:10:47:26:44:e3:e0:e9:a1:90:1c:53:b5:8d:e0:b2:8f:4c:8e:c2:06:2e:0e:06:4a:05:35:f2:58:fa,No_0x00_in_message,FALSE
09:59:de:87:37:e1:e2:42:50:d7:97:87:74:07:b4:d6:f7:10:1a:6b:5b:98:05:83:04:07:83:49:dd:e2:3a:b5,Invalid_TLS_version_in_PMS,FALSE
41:ec:3e:7f:40:45:3c:b9:c9:56:49:84:75:f8:c6:43:ac:6e:0f:5f:6b:0c:96:f7:ea:41:b0:32:9e:15:b8:c6,0x00_in_PKCS#1_padding_(first_8_bytes_after_0x00_0x02),FALSE
cc:52:99:cc:0e:ee:1f:01:34:d3:e4:db:f7:f8:76:3a:2b:c2:d7:ac:fb:18:57:27:ea:2a:3b:42:98:fd:6a:8b,0x00_in_some_padding_byte,FALSE
82:36:f9:50:e5:e7:9d:a2:67:f3:c8:ca:2c:12:4e:b5:ce:3f:be:11:7b:65:f5:f5:da:48:71:da:2e:8c:34:46,Correctly_formatted_PKCS#1_message__(|PMS|_=_47),FALSE
3d:f6:c6:68:da:38:91:8b:f7:b0:24:46:f0:2d:cb:b0:37:37:2d:38:ba:56:dd:89:38:e5:94:d3:66:f3:dd:2d,0x00_on_the_next_to_last_position_(|PMS|_=_1),FALSE
64:65:54:2e:3a:4e:f6:40:47:a1:76:a1:c9:7b:fd:eb:d5:ed:fb:f4:47:19:1d:f0:3d:b9:0f:cd:cb:16:a3:74,0x00_in_some_padding_byte,FALSE
48:55:db:57:89:94:07:70:21:6d:e7:0e:bb:0f:11:8c:af:42:3d:7e:13:40:45:e1:00:d6:fa:ba:08:29:6a:47,Wrong_second_byte_(0x02_set_to_0x17),FALSE
c2:85:46:90:f2:a7:fe:75:72:e3:20:12:28:a6:cb:5c:0e:b7:f4:72:d9:71:10:44:cc:d4:fd:06:3f:6b:c5:dd,Wrong_first_byte_(0x00_set_to_0x17),FALSE
33:40:e1:ad:f1:6f:fb:c1:4f:1b:92:a4:66:b0:72:2f:9f:72:25:be:f8:85:68:10:81:9f:2a:f1:ed:c1:85:1f,0x00_on_the_last_position__(|PMS|_=_0),FALSE
a6:26:15:d2:22:05:f0:05:ea:ef:2b:e2:9e:74:c3:70:23:94:88:14:3e:f9:87:f8:19:74:48:3a:35:18:6a:83,Wrong_first_byte_(0x00_set_to_0x17),FALSE
88:da:92:de:7c:89:da:54:a9:24:c1:8a:19:f7:92:2e:7c:85:96:65:b3:af:8e:d4:b8:6c:8a:19:a6:db:4a:cb,No_0x00_in_message,FALSE
90:4f:d0:1c:94:4c:3a:48:57:99:eb:6f:e6:5f:0a:80:ea:94:78:ef:2f:e1:8e:97:8f:0f:de:17:0c:aa:24:d2,Correctly_formatted_PKCS#1_message__(|PMS|_=_47),FALSE
b9:ef:cc:35:90:7a:c5:ae:48:63:c0:0c:43:fe:69:df:66:41:65:58:e8:9d:09:5d:e7:a1:95:90:fd:2a:33:93,0x00_on_the_next_to_last_position_(|PMS|_=_1),FALSE
2a:a2:b4:1a:16:6a:c1:3d:13:f7:5f:df:6c:9b:83:63:e1:99:64:8c:cc:81:fe:ac:a4:e0:ca:e8:a7:ef:63:13,Invalid_TLS_version_in_PMS,FALSE
e6:1e:3d:7a:08:82:0e:c4:13:c4:ec:6e:20:d0:ba:98:92:d3:84:2c:6c:10:49:cf:37:53:44:5f:a4:67:a0:72,Invalid_TLS_version_in_PMS,FALSE
a1:af:80:c1:74:eb:90:96:3c:01:97:35:f8:37:b9:31:30:af:d8:df:8d:e8:f3:b2:53:21:0d:08:96:20:1b:e9,Invalid_TLS_version_in_PMS,FALSE
68:41:7c:f2:43:ec:e9:56:1b:df:25:18:5c:97:ea:14:15:ae:8d:a2:07:ee:4f:74:d8:07:62:76:e0:30:f0:9b,0x00_in_PKCS#1_padding_(first_8_bytes_after_0x00_0x02),FALSE
35:29:98:69:02:91:03:69:73:27:ed:76:c2:d6:37:96:2a:a1:7a:11:db:62:47:12:2a:15:c0:3f:4d:82:6f:a2,Correctly_formatted_PKCS#1_PMS_message__but_1_byte_shorter,FALSE
13:46:57:91:8a:30:e9:d3:88:56:3c:d4:da:d4:f1:55:6a:d4:13:4b:5e:1a:e9:cf:48:74:ac:a1:a0:04:8f:4c,Wrong_second_byte_(0x02_set_to_0x17),FALSE
ca:34:5e:db:e1:7e:f6:db:6b:8c:33:4c:74:82:56:a6:a0:d7:b7:dd:ec:5b:3a:36:5f:1e:88:38:49:10:4f:20,Wrong_second_byte_(0x02_set_to_0x17),FALSE
49:ab:27:d1:e2:a6:df:5e:8b:d6:5c:a5:e7:08:71:ae:67:3b:45:c4:93:e5:c8:42:b2:44:a4:dc:d2:53:f7:c1,Wrong_second_byte_(0x02_set_to_0x17),FALSE
7a:21:6c:f1:64:ce:b1:0b:7f:d5:d9:d7:ad:3f:84:20:81:6c:93:75:cf:db:88:b1:d0:7a:68:ea:51:2b:90:a6,Wrong_first_byte_(0x00_set_to_0x17),FALSE
59:dc:06:2b:89:66:12:c2:f5:d4:82:fb:62:cd:0f:70:7b:5f:92:d1:67:62:80:00:7f:58:0d:ce:fe:01:a9:15,Correctly_formatted_PKCS#1_PMS_message,FALSE
76:cd:bc:68:39:cb:47:90:e3:b4:41:94:f7:ec:57:47:a4:9b:bb:7d:d8:05:a8:1b:e2:af:37:7a:37:7e:df:4e,Correctly_formatted_PKCS#1_PMS_message__but_1_byte_shorter,FALSE
ba:8a:0c:be:a4:bc:34:f9:66:bd:a3:59:a7:6f:98:d6:6f:0c:99:52:db:82:9e:16:88:02:e4:0c:72:83:88:e4,Wrong_second_byte_(0x02_set_to_0x17),FALSE
b9:95:69:c3:50:3e:1d:74:28:4e:06:f3:59:aa:5f:ee:a5:64:0b:ff:c6:2e:3f:3e:8a:f9:49:28:c1:aa:03:4a,Correctly_formatted_PKCS#1_message__(|PMS|_=_47),FALSE
23:ba:ed:d4:f0:8b:e4:62:2d:9f:df:f9:35:fc:83:7f:ff:93:c2:c3:9e:90:41:a0:99:8d:9f:aa:78:a4:c9:24,No_0x00_in_message,FALSE
5b:71:2a:e3:8b:58:76:1c:31:a0:e4:b9:e5:4a:74:7e:44:55:2d:72:52:17:8d:64:10:90:29:78:a4:ff:c7:bf,0x00_in_some_padding_byte,FALSE
91:2e:d9:5e:73:19:db:e8:4f:c4:12:6d:68:33:a9:83:ff:ec:1c:43:d6:bd:f4:5f:1e:7b:13:ce:79:9d:e3:cd,Wrong_second_byte_(0x02_set_to_0x17),FALSE
89:35:87:5d:b7:29:12:fb:ca:0c:c4:b6:f6:d6:de:4e:a4:41:73:8d:19:96:fc:bc:4b:19:30:91:b5:00:15:b1,Correctly_formatted_PKCS#1_message__(|PMS|_=_47),FALSE
bb:4d:b5:00:7d:1f:b1:12:53:65:41:01:c7:55:f2:08:f4:7a:29:c9:00:f4:a7:74:28:42:07:d5:f5:c2:95:53,0x00_in_some_padding_byte,FALSE
6a:bc:cf:81:76:a4:d1:59:7e:35:0f:e0:f4:f3:1b:cc:59:01:d5:da:f1:13:d4:45:6a:6d:30:e8:c3:fc:a1:f5,Invalid_TLS_version_in_PMS,FALSE
80:e1:0c:c3:7f:c7:92:2f:c1:03:e8:f7:ac:ef:5c:ef:45:1e:57:8b:f7:01:db:4a:37:cf:44:0b:b0:ad:95:85,0x00_on_the_next_to_last_position_(|PMS|_=_1),FALSE
73:18:28:fc:e6:0d:f5:fc:63:86:a2:9a:de:ae:e7:e4:2f:6b:ff:b3:27:c0:d0:7a:7d:cc:1d:76:af:d8:e3:b7,Correctly_formatted_PKCS#1_PMS_message__but_1_byte_shorter,FALSE
54:8f:8b:3a:7a:34:e0:97:78:65:ae:ec:57:17:87:2a:66:b7:98:f6:6a:a7:24:c4:6d:39:30:b6:98:76:71:fe,0x00_in_some_padding_byte,FALSE
05:ef:95:e5:55:f0:53:4a:ea:3a:9c:5b:ea:b8:86:fc:02:8f:82:02:48:de:ca:0f:5e:09:d0:00:bf:ad:16:8c,Wrong_second_byte_(0x02_set_to_0x17),FALSE
ba:d8:1a:01:17:e3:60:8f:4c:c5:ad:90:a4:bd:ae:d5:b7:0b:d1:c6:41:0b:1e:f1:11:20:15:bd:1d:63:af:e9,0x00_on_the_next_to_last_position_(|PMS|_=_1),FALSE
41:d8:85:15:4b:4a:07:d7:05:3e:7b:52:f5:31:a6:30:2d:e4:c8:dd:54:15:04:55:b2:d7:a1:b0:43:69:70:c0,Correctly_formatted_PKCS#1_PMS_message__but_1_byte_shorter,FALSE
49:23:3e:50:ac:21:f7:b8:81:21:3c:03:04:11:0a:93:ed:08:63:f8:c8:bb:6c:45:86:7b:70:a0:19:72:b5:9c,Invalid_TLS_version_in_PMS,FALSE
75:07:f1:6b:9f:4f:7d:fa:19:4e:b1:a8:a3:b2:9c:0e:55:9c:db:29:8e:c8:35:6d:11:a6:7e:04:fe:55:d7:62,Invalid_TLS_version_in_PMS,FALSE
d4:2a:0b:92:b6:91:19:7e:23:af:64:10:63:53:98:73:32:4c:96:73:97:ba:91:7c:2e:6f:4f:6d:7e:6e:d8:50,Correctly_formatted_PKCS#1_PMS_message,FALSE
96:d6:d2:90:7d:b8:f1:a7:8f:16:b8:e9:52:f8:d4:c3:94:d5:55:70:4d:4c:65:ed:99:0a:c4:41:f9:eb:b7:97,Wrong_second_byte_(0x02_set_to_0x17),FALSE
a5:6e:16:ac:8a:d5:6b:08:4d:f1:a0:56:21:37:56:80:72:a4:46:a9:8d:1b:b1:b9:cb:65:9e:f6:59:d4:fd:0b,Correctly_formatted_PKCS#1_message__(|PMS|_=_47),FALSE
9c:e8:ed:2d:89:da:0f:97:0c:cc:8f:a8:57:6f:a1:c5:58:d4:98:0a:79:cd:c9:9b:79:17:fc:46:a3:81:77:33,Correctly_formatted_PKCS#1_message__(|PMS|_=_47),FALSE
ee:32:e5:2f:5a:90:ee:0a:d9:d5:85:71:4f:ac:99:af:5f:93:3f:f8:57:b5:c9:ce:56:88:57:f4:f9:bd:c4:72,0x00_in_some_padding_byte,FALSE
bf:c1:24:a6:7b:b2:65:a5:98:15:34:a3:1d:6c:87:d4:75:0c:e7:11:8f:10:fe:ca:34:be:3a:86:70:11:ce:2f,Correctly_formatted_PKCS#1_PMS_message__but_1_byte_shorter,FALSE
e4:a1:53:85:b1:83:f7:12:15:15:2e:43:c6:4e:89:95:37:a7:36:8a:63:1b:6a:6a:73:ff:ae:1d:31:8a:cf:ef,Invalid_TLS_version_in_PMS,FALSE
e7:c1:59:70:ee:28:2c:02:33:fc:4d:b7:1a:42:2f:54:30:62:a7:33:6b:55:db:ff:af:0b:0a:09:53:49:4f:35,0x00_on_the_last_position__(|PMS|_=_0),FALSE
14:04:a3:1d:1a:2d:f3:52:68:f8:de:6a:d8:2e:1a:b3:58:77:1f:14:28:e4:ea:e8:db:79:bf:a8:12:ca:95:cb,0x00_in_PKCS#1_padding_(first_8_bytes_after_0x00_0x02),FALSE
c9:ac:de:d9:35:4b:5b:04:ad:0b:30:54:b9:1f:64:ee:56:ff:e2:29:29:bf:dd:ef:49:4c:05:20:c5:15:e4:94,0x00_in_PKCS#1_padding_(first_8_bytes_after_0x00_0x02),FALSE
f9:fd:5d:9c:95:9f:1c:a9:14:2c:09:53:a9:c9:42:d2:18:28:0f:01:25:ec:35:86:7b:b6:bd:86:8c:93:c8:c4,Invalid_TLS_version_in_PMS,FALSE
88:2c:c1:5c:72:79:1d:d0:c1:12:1e:07:a5:b8:fa:02:99:2d:e0:2e:d2:2b:a3:26:85:5e:70:54:3a:e0:d9:12,No_0x00_in_message,FALSE
df:d0:05:8e:f7:bf:d9:e1:74:6a:3d:16:6e:83:57:5e:89:2e:03:92:11:25:87:f8:1d:5f:40:bd:de:67:6b:4e,No_0x00_in_message,FALSE
d5:4e:cd:45:4a:bd:6d:b4:be:d5:e1:4a:23:e4:61:c1:c6:2e:a6:25:be:7d:07:bd:17:74:29:9b:34:59:56:28,Correctly_formatted_PKCS#1_message__(|PMS|_=_47),FALSE
90:d7:d0:88:79:58:09:13:68:33:e8:ad:2c:25:e0:be:0c:ab:25:6a:0b:62:d2:58:c9:e8:4e:a9:b7:bf:5a:db,Correctly_formatted_PKCS#1_PMS_message,FALSE
e3:b1:e2:d2:e2:28:d9:e4:40:de:07:fd:55:7b:44:da:97:d4:77:f1:ca:88:33:8a:54:8c:2b:ad:4e:f0:16:c9,No_0x00_in_message,FALSE
61:6b:9f:79:f3:f6:15:fb:cf:70:d2:5e:ad:90:ef:35:d9:a9:79:fc:cb:c4:8f:4c:4e:81:69:16:76:d4:14:e5,Correctly_formatted_PKCS#1_PMS_message,FALSE
a9:3d:b7:be:11:54:55:4b:d3:2b:66:60:9b:83:62:ab:2c:f5:43:5a:cf:2f:b3:bb:4b:e0:66:8d:fd:a0:65:7f,No_0x00_in_message,FALSE
97:1c:7f:f5:a1:0a:29:3c:39:71:a3:c5:b8:60:10:fd:f0:fa:d1:10:25:c5:b7:c9:8d:dd:72:c5:f5:b4:ef:0c,Correctly_formatted_PKCS#1_PMS_message,FALSE
47:af:41:04:e0:5d:0d:ac:67:34:8d:b0:73:1b:12:e0:6c:96:2f:82:05:53:53:78:18:98:2a:d0:d4:88:8b:ed,No_0x00_in_message,FALSE
41:41:05:a0:62:89:4a:94:3e:14:76:5a:dc:50:60:b2:0a:af:f7:af:59:93:9a:8a:77:12:f7:59:b0:ed:b3:c3,Wrong_first_byte_(0x00_set_to_0x17),FALSE
89:37:06:56:db:52:c0:39:04:31:92:83:82:44:b2:67:e0:19:9a:af:38:0e:37:f9:33:42:7d:bc:8a:64:71:d7,0x00_in_PKCS#1_padding_(first_8_bytes_after_0x00_0x02),FALSE
f8:5f:e0:d0:c7:59:d4:1a:19:f0:e4:ae:4b:5f:97:2b:85:ad:b9:ff:0b:9f:8b:10:e9:12:67:97:57:57:88:ee,No_0x00_in_message,FALSE
df:ca:0b:11:be:0c:d7:76:28:72:d8:a7:b3:93:7c:69:cb:a3:e8:10:ee:fd:35:7e:c0:f8:5c:c3:21:a3:d9:a8,0x00_in_some_padding_byte,FALSE
23:78:a5:d4:7e:26:b8:67:7b:ae:ab:15:96:74:59:ac:5f:d7:b7:67:d7:a7:38:e0:bc:06:24:44:0a:cc:79:88,Correctly_formatted_PKCS#1_PMS_message,FALSE
45:d0:a5:07:78:9e:12:c9:a8:38:8b:b3:84:98:c3:00:7e:bb:c4:d9:f9:e4:59:7f:32:b6:5e:25:d0:ca:9c:9f,Correctly_formatted_PKCS#1_PMS_message,FALSE
aa:af:22:89:cd:e8:e0:0d:ac:6e:55:88:4d:48:ed:56:b8:d5:1a:41:d4:b9:c7:7f:d2:03:b0:4a:cb:e2:b0:a0,Wrong_second_byte_(0x02_set_to_0x17),FALSE
e8:6d:bc:b3:a8:b7:17:30:0e:a3:0f:04:00:7f:dd:c8:4b:88:c8:33:09:a8:aa:f6:c0:61:40:71:a3:81:c3:94,Correctly_formatted_PKCS#1_PMS_message__but_1_byte_shorter,FALSE
4b:0e:5f:a1:3f:b3:86:2b:7b:b5:cd:c2:c8:06:b1:25:7d:96:21:56:90:27:35:09:de:cf:b0:95:e8:31:ad:f6,0x00_in_PKCS#1_padding_(first_8_bytes_after_0x00_0x02),FALSE
93:15:7f:f3:f8:2c:1e:00:cd:74:68:17:f8:9b:b2:8d:78:65:bf:56:37:3b:bc:47:75:65:99:75:f3:3b:00:3c,Correctly_formatted_PKCS#1_PMS_message,FALSE
e9:b8:af:f8:b3:e2:96:96:8a:e7:22:1a:a9:3b:cd:c1:22:a8:c8:d3:45:c4:ca:f1:36:ca:a5:55:73:4c:3e:55,Wrong_first_byte_(0x00_set_to_0x17),FALSE
25:f8:16:11:06:8f:27:bb:c6:23:76:70:77:49:a2:8f:1f:a1:de:53:9e:5d:25:7b:e9:7a:e1:c2:20:6d:12:c3,Invalid_TLS_version_in_PMS,FALSE
82:23:0a:e8:6a:2b:79:b4:f3:88:4c:f3:dc:85:75:03:94:ad:12:f5:54:a4:7d:59:00:ff:02:de:00:84:28:8a,0x00_on_the_last_position__(|PMS|_=_0),FALSE
a0:fe:57:83:b5:7f:f4:b5:e9:81:b3:28:85:49:74:aa:eb:64:13:d6:83:e9:b8:0c:e5:98:a8:40:2f:ab:25:a1,Correctly_formatted_PKCS#1_PMS_message,FALSE
c1:fe:89:0c:c9:c8:0b:a7:62:15:dd:f7:19:ed:01:78:d1:15:47:09:4c:4f:55:4c:61:41:52:00:3a:bf:f8:ba,Correctly_formatted_PKCS#1_message__(|PMS|_=_47),FALSE
91:a0:71:51:21:d6:88:bc:fd:d3:69:c2:b2:df:4e:ef:05:d5:6f:ef:98:a3:31:52:7b:db:99:51:3e:94:7e:e9,Invalid_TLS_version_in_PMS,FALSE
3a:ce:cd:94:e8:b9:27:b7:16:46:b6:54:34:26:35:c3:c0:ae:da:15:09:e6:74:5b:ab:10:f0:71:13:3f:ae:4a,0x00_on_the_next_to_last_position_(|PMS|_=_1),FALSE
e3:ba:90:18:8f:ab:c3:23:d1:03:a2:fa:07:86:51:d7:b4:b0:1a:1b:5b:e2:d3:06:5d:b1:f6:81:f4:fc:cd:5b,Wrong_first_byte_(0x00_set_to_0x17),FALSE
d2:26:c1:47:26:3a:4f:d4:61:97:a8:8f:c2:fa:0d:fe:46:a1:b0:b6:ad:18:77:a7:9a:8c:87:1e:a2:47:5a:cd,Correctly_formatted_PKCS#1_PMS_message,FALSE
55:37:20:c8:05:b0:8d:b1:6a:2b:40:9b:48:a0:ff:0b:7d:01:f7:97:a8:ae:ad:bb:78:dc:00:1d:45:11:a0:f3,0x00_in_PKCS#1_padding_(first_8_bytes_after_0x00_0x02),FALSE
ee:20:b5:dd:5a:dc:7a:6d:a2:e5:8b:ec:db:31:63:91:aa:74:50:d0:80:33:c4:68:15:e7:b7:7f:df:1e:18:06,0x00_in_PKCS#1_padding_(first_8_bytes_after_0x00_0x02),FALSE
32:34:80:ec:77:b3:87:cb:e8:c7:9b:b4:b2:68:ae:c6:c3:f8:d9:de:ef:30:c8:f9:1e:b9:66:93:50:2d:22:d1,Correctly_formatted_PKCS#1_PMS_message__but_1_byte_shorter,FALSE
50:a0:9a:b8:5a:a8:77:ae:d3:99:f1:bf:01:13:f1:40:bf:f1:13:23:fb:d6:65:98:13:26:82:85:e1:02:20:f6,No_0x00_in_message,FALSE
fa:3c:57:1b:a8:b8:d1:6e:2c:c6:d2:e6:93:93:c4:59:3c:d1:c5:06:af:ea:e1:84:3c:16:c4:44:21:5a:5f:c1,0x00_on_the_last_position__(|PMS|_=_0),FALSE
ce:43:ad:94:eb:a5:15:a6:1c:28:fa:93:77:b9:09:e2:74:b2:65:e4:8b:6e:a6:27:9e:b6:a9:1d:52:6a:be:3a,Correctly_formatted_PKCS#1_PMS_message__but_1_byte_shorter,FALSE
18:58:4c:61:30:39:73:a7:99:20:4e:bd:75:63:62:ff:b0:b0:03:18:27:72:c4:b1:80:82:7d:dc:93:1a:bb:2a,Correctly_formatted_PKCS#1_PMS_message__but_1_byte_shorter,FALSE
4a:29:2e:63:60:2d:b2:97:09:27:53:78:86:3d:82:35:b8:e8:fc:b4:cb:fa:df:8b:01:da:79:75:2c:65:d7:fe,0x00_on_the_next_to_last_position_(|PMS|_=_1),FALSE
e1:02:5d:4b:4a:0e:3d:d6:58:3c:6a:75:b2:2d:be:37:e1:ef:42:52:5c:b6:60:58:4c:9d:af:40:ac:9e:8d:54,0x00_in_PKCS#1_padding_(first_8_bytes_after_0x00_0x02),FALSE
99:c6:32:f8:66:75:e4:8b:58:14:a3:59:83:0a:ef:34:d5:ff:3c:f6:4d:97:63:58:9c:68:28:a9:01:19:c2:81,0x00_in_some_padding_byte,FALSE
67:fc:49:1b:52:c8:90:2f:08:6e:6e:a9:a2:2f:4e:6a:8e:29:99:55:e3:4b:a7:fe:eb:87:f7:08:2e:18:97:48,0x00_in_PKCS#1_padding_(first_8_bytes_after_0x00_0x02),FALSE
2e:f6:5b:7c:d7:f6:41:ec:7b:84:98:27:a0:db:e2:fd:ad:3d:27:5c:26:19:db:cf:07:52:79:27:54:6b:10:55,0x00_on_the_last_position__(|PMS|_=_0),FALSE
f0:c8:8f:48:1d:af:3e:b0:cb:58:e9:74:cf:1e:36:be:e8:ce:47:f0:12:77:d6:27:6d:52:55:ee:2c:d9:83:1d,Correctly_formatted_PKCS#1_message__(|PMS|_=_47),FALSE
ca:8e:b4:58:8a:b2:60:b4:3c:0c:ff:d1:bd:9e:43:a4:81:05:4b:ea:d2:8a:82:81:5a:b8:81:d1:d8:c5:65:a8,Correctly_formatted_PKCS#1_message__(|PMS|_=_47),FALSE
0a:73:73:73:91:3f:80:be:05:08:a3:4f:cc:a2:a8:53:fd:0e:16:4e:82:a6:53:62:07:01:02:6c:dd:ad:64:ed,No_0x00_in_message,FALSE
8a:7f:6c:7d:73:fa:18:99:2e:40:d2:ff:d8:33:ad:e0:23:e4:26:a6:3d:f3:8e:2e:d9:14:ec:eb:90:cb:b0:83,Wrong_second_byte_(0x02_set_to_0x17),FALSE
8f:0c:ed:55:26:4f:48:91:46:03:e2:4e:a2:f5:44:3a:dc:6f:59:75:0d:69:d2:1c:f6:d9:bd:9a:18:95:21:f3,Correctly_formatted_PKCS#1_PMS_message__but_1_byte_shorter,FALSE
f8:05:57:1d:9b:66:89:fe:c7:bb:ba:60:db:78:0e:56:cc:ad:b3:19:e1:10:5a:04:5c:8e:8d:43:14:a3:96:09,0x00_on_the_next_to_last_position_(|PMS|_=_1),FALSE
1e:21:9c:95:3d:1c:9a:65:42:fd:12:e7:f1:cf:eb:ef:83:db:5d:49:a6:ac:be:96:30:e1:aa:68:07:27:be:ff,0x00_in_PKCS#1_padding_(first_8_bytes_after_0x00_0x02),FALSE
15:3a:98:4e:af:e7:a4:42:59:d2:b0:86:c2:9c:f4:67:e8:bf:64:6b:61:4f:b3:c6:1f:1e:cf:66:9a:79:4b:3a,Invalid_TLS_version_in_PMS,FALSE
d4:7c:9f:0e:64:0a:96:f8:ba:71:d8:9e:37:98:2f:b8:d2:e7:a4:c5:c5:cf:54:19:68:0e:9d:d2:20:b0:82:d0,0x00_in_PKCS#1_padding_(first_8_bytes_after_0x00_0x02),FALSE
78:6c:8a:de:39:c4:53:5a:4e:66:19:4d:82:22:23:ae:90:7d:20:4f:0f:8d:61:02:e6:5d:91:62:70:e3:6f:3a,0x00_in_PKCS#1_padding_(first_8_bytes_after_0x00_0x02),FALSE
42:ad:f2:67:0a:ac:6c:02:c6:5b:1a:81:da:18:a0:89:1c:18:02:d2:37:d5:67:1a:2e:b3:ac:cd:63:d6:49:69,Invalid_TLS_version_in_PMS,FALSE
ef:bc:67:bb:c5:8a:d0:72:44:f7:f2:3b:11:9b:34:f9:97:6b:64:67:33:17:40:0b:99:72:90:ff:fe:11:9b:97,No_0x00_in_message,FALSE
fb:47:e6:09:30:97:30:e8:e1:74:a8:10:ed:d6:c5:a7:13:90:09:09:93:6a:d7:c5:3c:02:e7:b3:6c:99:85:f8,0x00_on_the_next_to_last_position_(|PMS|_=_1),FALSE
46:74:13:c0:76:f2:ad:5b:06:56:09:6b:79:bf:b5:ed:4c:79:fd:8d:15:e7:2c:5d:bd:88:ad:9e:9c:4c:20:0f,0x00_on_the_last_position__(|PMS|_=_0),FALSE
2c:99:62:00:12:69:b5:d5:a2:f6:d1:a5:c1:13:bb:7c:11:7b:2b:ea:a7:7b:bd:6c:24:86:c0:43:dd:31:6f:b3,0x00_on_the_next_to_last_position_(|PMS|_=_1),FALSE
25:1a:93:91:e1:14:53:79:72:25:f6:fd:ea:86:27:92:5f:15:22:ba:18:6f:6c:a9:82:54:ae:34:b0:00:8d:d1,0x00_on_the_next_to_last_position_(|PMS|_=_1),FALSE
19:b6:a9:be:e5:dc:20:04:10:f4:03:1a:c0:9d:ed:79:19:18:50:30:94:51:d1:e8:fc:e4:99:03:25:d3:01:27,No_0x00_in_message,FALSE
23:88:f5:22:24:af:59:44:c8:71:82:38:1b:ea:de:b7:8f:3a:9e:c9:64:7e:9e:72:2e:0d:69:5b:f4:e6:6a:26,Correctly_formatted_PKCS#1_PMS_message__but_1_byte_shorter,FALSE
7d:5a:b9:56:19:04:eb:6c:e4:dc:be:37:32:69:24:0e:07:3a:b7:74:76:ca:c6:29:c6:5f:59:67:b9:2a:b1:c4,0x00_on_the_next_to_last_position_(|PMS|_=_1),FALSE
79:6d:01:30:92:fd:73:7d:01:c4:9b:05:7b:8c:6c:d4:06:b6:b5:e2:f1:ba:4a:13:36:fc:4e:3a:de:76:ee:7a,0x00_on_the_next_to_last_position_(|PMS|_=_1),FALSE
12:45:86:18:c2:12:38:60:49:ec:98:96:ca:87:6c:be:be:ec:36:34:cb:9e:a7:9f:96:5f:5c:c9:33:ba:98:0f,Correctly_formatted_PKCS#1_PMS_message__but_1_byte_shorter,FALSE
00:63:62:8a:6d:9c:23:08:12:3d:35:35:0b:4d:d2:1c:95:19:85:83:f7:3c:cd:0b:4d:02:02:90:6f:fe:40:02,No_0x00_in_message,FALSE
d7:46:5a:4b:11:e1:62:1d:cb:f5:56:d2:34:0e:73:e6:59:23:35:4b:f6:fb:85:e3:cf:e7:59:4a:f6:65:02:fa,Correctly_formatted_PKCS#1_message__(|PMS|_=_47),FALSE
61:e5:07:aa:81:71:ab:e9:4f:05:fe:02:cd:1b:28:82:2a:26:8b:e3:09:c4:74:e1:18:f9:95:cf:05:84:03:18,0x00_in_PKCS#1_padding_(first_8_bytes_after_0x00_0x02),FALSE
c9:b9:40:c8:0d:cb:df:fc:95:86:d8:53:05:d9:2b:f3:b0:a8:79:a0:8c:87:d0:82:ee:3b:6f:5b:46:d8:98:64,Correctly_formatted_PKCS#1_PMS_message,FALSE
9c:db:aa:e1:a6:4d:8f:5e:4a:c6:c2:a7:2d:2e:70:71:31:8f:22:08:69:1d:a4:22:7f:a6:3f:31:d7:e8:ec:a8,0x00_on_the_last_position__(|PMS|_=_0),FALSE
2d:e7:07:51:df:09:57:d9:3a:76:55:9a:aa:7e:59:86:a9:52:a2:98:51:35:24:52:b3:40:36:bd:f6:38:d0:90,Wrong_second_byte_(0x02_set_to_0x17),FALSE
4f:ca:49:c1:67:82:3c:c1:de:89:1b:e4:d7:1b:a1:2b:c8:d5:a4:d8:50:74:04:64:af:9e:ac:1c:47:e6:5b:0f,Correctly_formatted_PKCS#1_PMS_message__but_1_byte_shorter,FALSE
98:da:b2:8a:79:8e:59:24:91:19:d8:e2:53:22:e1:d4:29:82:aa:1a:16:ca:e6:a2:b4:6b:a4:df:19:44:be:d3,0x00_in_PKCS#1_padding_(first_8_bytes_after_0x00_0x02),FALSE
6a:08:69:94:66:67:37:b7:48:47:ec:f1:d2:5e:73:63:eb:32:23:d4:48:b8:9b:97:3c:04:dd:67:38:45:32:7d,Correctly_formatted_PKCS#1_PMS_message,FALSE
5b:86:18:b0:5e:db:cf:cd:6f:23:5b:63:f4:db:bf:dd:b2:94:3f:1e:c9:7f:5a:20:93:41:49:6a:5c:8e:4d:e1,Wrong_second_byte_(0x02_set_to_0x17),FALSE
31:48:e1:e0:3a:8c:4f:73:7a:2f:f1:d1:d5:74:88:50:00:2a:c9:c6:c8:da:d2:03:11:22:87:6b:fc:65:58:3e,0x00_on_the_next_to_last_position_(|PMS|_=_1),FALSE
00:c7:91:b0:ca:eb:ed:5e:47:2a:98:7b:c1:13:78:8a:de:e9:d9:bf:7f:93:c7:22:75:c2:d4:6c:f3:d3:f0:ec,Wrong_second_byte_(0x02_set_to_0x17),FALSE
b6:1f:fc:61:d3:66:1c:6a:14:7c:a3:82:33:45:0a:ad:6b:f9:06:da:a9:ac:5d:f1:0e:71:81:b9:9b:a8:e9:81,0x00_on_the_last_position__(|PMS|_=_0),FALSE
f7:0e:8f:a9:a1:f0:f6:02:f5:96:4b:4d:db:13:77:54:61:ce:f9:6e:40:a4:f1:61:6f:85:2d:ff:37:17:f7:18,No_0x00_in_message,FALSE
38:fe:02:85:a8:83:70:6f:9a:b0:ad:cf:d8:c5:57:32:17:c5:68:01:3d:6d:e8:65:82:4b:a8:c3:88:d0:46:18,Correctly_formatted_PKCS#1_message__(|PMS|_=_47),FALSE
a3:20:34:18:b8:1f:07:2e:40:c0:64:18:09:41:10:b3:36:cf:e1:b9:d6:41:d5:5f:f5:f6:e8:5a:6f:26:bb:5e,Wrong_second_byte_(0x02_set_to_0x17),FALSE
08:b8:32:ea:3d:e4:2b:a6:ec:f3:e2:a3:21:f3:6a:3a:16:97:84:94:fe:f7:e4:a2:df:6a:de:c2:f5:eb:32:60,0x00_in_some_padding_byte,FALSE
68:8c:48:c4:7e:10:df:70:d8:f7:81:aa:ac:73:00:01:24:fb:c5:6d:f9:ec:dc:54:a0:03:e8:07:5e:6c:9e:f3,Invalid_TLS_version_in_PMS,FALSE
de:98:5c:65:c6:21:e6:a1:05:f8:02:5f:9f:59:47:2f:be:3c:be:6a:39:bb:6e:35:5e:e0:c1:9d:6d:e6:01:97,0x00_on_the_last_position__(|PMS|_=_0),FALSE
70:79:f7:75:13:b9:53:b0:d8:a0:3d:01:56:dc:1b:f0:be:3d:f7:ce:84:a6:5d:a5:bd:bf:39:71:7e:c5:53:bf,Wrong_second_byte_(0x02_set_to_0x17),FALSE
ca:4c:e8:6e:ef:64:ad:e5:8a:e0:f7:18:fc:7d:27:ea:f8:2a:68:5e:25:91:05:c5:72:97:30:5a:5c:8f:a2:03,No_0x00_in_message,FALSE
36:e3:f9:64:49:21:97:6f:18:dd:94:6f:a4:4b:59:97:83:96:51:47:9d:11:a2:dc:85:25:e3:e3:1b:04:c2:b9,Correctly_formatted_PKCS#1_PMS_message,FALSE
23:fa:40:a4:0a:21:5c:4c:b7:4c:55:7c:a5:ae:02:b2:93:02:5e:80:38:06:8d:99:35:29:50:ab:a2:d0:dd:d3,0x00_on_the_last_position__(|PMS|_=_0),FALSE
1d:bb:51:59:26:dd:11:64:d2:45:84:e9:4d:ab:6a:7c:d9:47:26:e1:f4:ac:2a:3f:f1:1e:0e:9b:ab:e7:f3:9d,0x00_in_PKCS#1_padding_(first_8_bytes_after_0x00_0x02),FALSE
26:2b:a7:9d:42:10:39:5d:a5:27:ad:4a:e3:0b:f1:aa:e2:95:6c:a0:c3:da:70:6d:30:ea:4b:d8:79:e6:0b:67,Wrong_first_byte_(0x00_set_to_0x17),FALSE
a1:94:58:ee:dd:66:ac:ac:62:4d:32:63:8c:86:52:43:ee:84:bb:1e:82:d1:b2:a9:7e:8d:5e:36:0d:20:d4:8d,0x00_in_some_padding_byte,FALSE
19:b4:8a:cb:78:ff:13:96:04:ba:e8:f1:7c:26:be:a0:e7:82:67:9c:19:73:a6:6d:36:38:73:d8:24:f1:98:a2,0x00_on_the_next_to_last_position_(|PMS|_=_1),FALSE
db:7b:3c:69:5e:10:cc:7c:2e:a3:d0:3c:49:ba:ee:43:bd:72:d1:00:75:89:b0:f1:65:31:96:83:9f:93:1d:81,Correctly_formatted_PKCS#1_PMS_message,FALSE
33:2b:50:b9:f4:db:a7:4d:b7:ba:d1:a7:2b:4a:55:28:d5:21:43:61:d1:c0:8b:ea:26:34:c9:8d:43:02:fb:a3,Correctly_formatted_PKCS#1_PMS_message__but_1_byte_shorter,FALSE
76:a1:bc:10:e2:8e:52:78:fb:0f:e2:39:a6:59:f8:47:d6:cf:f0:f2:29:00:53:ed:17:03:51:30:48:17:93:b3,0x00_in_PKCS#1_padding_(first_8_bytes_after_0x00_0x02),FALSE
a1:d9:37:a0:1a:fa:7c:0f:fb:57:71:52:5b:b0:df:21:c0:bd:06:d3:d7:c8:b1:88:ce:d3:90:67:cc:22:4c:55,0x00_on_the_last_position__(|PMS|_=_0),FALSE
46:74:bd:23:2b:a7:5c:5f:38:10:05:ce:e7:91:0e:89:9b:17:77:7a:5d:d4:5c:e0:f1:14:2c:f5:e5:29:9d:f1,0x00_on_the_last_position__(|PMS|_=_0),FALSE
51:d9:9d:a6:b9:03:4c:0f:ff:78:22:bc:12:41:13:81:a0:5d:d5:5f:74:95:fe:cf:4c:a2:1d:c8:eb:8b:d6:97,0x00_in_PKCS#1_padding_(first_8_bytes_after_0x00_0x02),FALSE
1f:e0:10:83:4b:4f:7e:23:fe:c2:75:2b:c9:70:2e:e4:00:c9:03:2e:06:08:e0:14:87:38:07:12:bf:a0:f9:04,Correctly_formatted_PKCS#1_message__(|PMS|_=_47),FALSE
74:69:60:b1:b3:35:f5:14:0e:58:d3:2d:f4:82:4f:7c:1f:de:37:23:76:f0:17:a5:92:29:f6:1e:61:bc:2c:13,0x00_in_PKCS#1_padding_(first_8_bytes_after_0x00_0x02),FALSE
9c:8a:18:3f:27:43:3d:66:e1:e7:c4:6c:c4:f2:a2:c1:1e:6e:1c:f6:6f:35:7e:54:02:ba:23:66:f0:98:c0:b1,Correctly_formatted_PKCS#1_PMS_message,FALSE
d2:f3:50:0b:10:e0:f3:5b:c7:1f:f2:23:b5:b8:29:5e:c6:50:09:7c:12:01:0e:67:08:ee:9a:39:14:05:3b:89,Wrong_first_byte_(0x00_set_to_0x17),FALSE
fa:59:42:09:1f:9b:99:ac:c8:6a:db:ff:c9:3a:29:cc:17:69:a3:7c:85:27:0d:4f:59:5d:4b:bc:e5:01:d6:a3,No_0x00_in_message,FALSE
66:d7:8a:e4:b5:48:cb:04:f1:f9:ab:36:88:39:fd:98:83:93:04:5b:41:aa:ef:aa:5b:ad:00:ad:ee:ea:9d:23,Invalid_TLS_version_in_PMS,FALSE
30:27:f5:10:77:00:3c:c9:53:b4:90:e4:83:5b:8c:09:18:34:0f:9b:80:83:54:a5:72:b4:45:a7:5c:bf:b0:ba,Invalid_TLS_version_in_PMS,FALSE
dc:60:30:5f:58:70:00:e9:e8:0c:40:0a:41:a3:fa:de:a3:6b:30:13:a3:99:c7:4e:f3:43:d1:95:45:21:ae:67,Correctly_formatted_PKCS#1_PMS_message__but_1_byte_shorter,FALSE
ec:83:ce:b1:7a:b1:56:3c:b0:6e:28:24:1b:3a:15:0c:81:fd:fb:30:4a:ec:29:99:69:b2:d6:44:90:45:03:36,0x00_on_the_last_position__(|PMS|_=_0),FALSE
e7:77:c8:4a:70:9a:a0:1a:c0:cc:ac:e8:3e:e8:70:19:ae:31:fd:a0:33:2c:ca:4b:b1:c8:89:7f:56:37:ce:ce,0x00_on_the_last_position__(|PMS|_=_0),FALSE
1f:c6:b1:fd:70:37:e8:82:c1:f9:3d:1d:12:dd:5e:69:79:26:74:2e:55:7c:55:54:99:5f:78:e8:72:c0:4f:c9,0x00_in_some_padding_byte,FALSE
8b:00:07:e4:24:2c:74:fa:8b:d7:88:e7:67:40:0c:0e:d0:d7:0d:83:46:f5:1b:c6:dc:24:ca:03:a1:2c:8a:3c,Correctly_formatted_PKCS#1_message__(|PMS|_=_47),FALSE
37:66:d3:6b:d4:8a:c9:1d:fc:36:48:d8:b6:7d:49:92:75:79:01:9d:b9:b0:0e:0c:14:93:77:5d:1e:df:cf:90,Correctly_formatted_PKCS#1_PMS_message__but_1_byte_shorter,FALSE
cb:d1:ad:ed:8e:4b:4a:27:65:e0:26:c7:b1:fb:9e:47:a9:da:bd:60:b3:9d:d5:8e:6b:3e:a9:8b:26:4b:31:24,0x00_in_PKCS#1_padding_(first_8_bytes_after_0x00_0x02),FALSE
42:fa:85:81:7b:f6:a4:13:7d:f4:87:d9:2e:01:39:97:81:bf:91:3b:d1:78:d2:cb:a5:e9:55:0e:ef:4e:b9:e6,No_0x00_in_message,FALSE
5c:ff:ad:7e:cd:ef:8d:be:33:03:ba:23:13:ee:51:48:c4:0c:49:0d:16:4c:63:b4:0c:c5:55:ef:d6:b3:36:97,0x00_on_the_next_to_last_position_(|PMS|_=_1),FALSE
89:07:5c:2c:82:68:95:56:12:e0:02:af:3d:a6:12:03:4a:fe:ae:9b:b8:1f:15:e6:a9:a7:f3:49:dc:5d:91:be,0x00_on_the_next_to_last_position_(|PMS|_=_1),FALSE
4c:1a:69:73:bd:9b:7f:6d:3a:cb:9b:dc:ca:f7:e8:1c:04:37:22:b5:85:a4:1f:57:95:66:9e:cb:ac:48:cd:10,Correctly_formatted_PKCS#1_PMS_message__but_1_byte_shorter,FALSE
64:55:2c:73:3b:98:8f:b2:4e:de:51:55:26:c7:b4:a4:37:ee:33:a3:4e:c1:2f:ba:29:1a:bd:c2:06:32:c0:f0,Correctly_formatted_PKCS#1_message__(|PMS|_=_47),FALSE
c7:8c:3a:4b:47:18:87:0e:f9:50:94:73:5d:da:bb:37:bc:cc:6d:45:3c:fd:c0:56:ca:ad:6a:4c:54:e1:ac:85,Invalid_TLS_version_in_PMS,FALSE
56:af:ce:8b:7c:8a:e6:bb:ec:b6:4d:5e:5c:1b:b8:0d:13:6f:66:62:b1:02:d1:f3:23:35:7f:e3:a4:14:fd:3b,Wrong_second_byte_(0x02_set_to_0x17),FALSE
4f:5f:2b:ec:ab:00:4a:82:eb:a7:06:c0:ce:69:7c:dc:60:80:a0:f2:fe:76:7b:41:93:a6:10:4e:47:4a:ce:c2,0x00_on_the_last_position__(|PMS|_=_0),FALSE
b5:e9:da:6d:ee:19:8d:9f:01:8f:22:8d:de:fa:3f:e1:1a:bb:26:09:49:66:06:cd:f2:e7:0d:7a:a4:88:c6:3a,Wrong_first_byte_(0x00_set_to_0x17),FALSE
2b:1a:d2:11:36:22:a3:8f:18:73:ae:f3:c1:0a:56:b6:de:ed:8a:61:46:8b:a5:e1:1f:a5:a1:99:c0:43:23:96,Invalid_TLS_version_in_PMS,FALSE
69:d3:a1:26:5e:4f:5e:09:cf:72:48:a2:70:55:15:de:69:23:8e:b2:db:dd:4f:12:1b:be:e7:3a:c6:d9:d9:49,0x00_in_PKCS#1_padding_(first_8_bytes_after_0x00_0x02),FALSE
e4:23:0f:8b:38:62:84:f9:a0:6f:0f:ef:b7:a1:5c:ef:2f:e2:5e:c5:78:27:3c:d5:85:c9:1b:7c:fe:dc:61:c8,0x00_in_PKCS#1_padding_(first_8_bytes_after_0x00_0x02),FALSE
80:58:92:13:12:16:19:0c:3e:8c:a4:9a:15:6a:4b:ba:17:0e:db:c4:43:c1:15:46:1f:32:fa:61:f5:8e:54:b9,Invalid_TLS_version_in_PMS,FALSE
f1:85:b8:ec:41:60:2a:1f:aa:26:74:4f:8c:6c:bc:52:9b:93:55:a9:b7:e3:8d:18:db:1f:66:ab:a9:f1:cd:74,Correctly_formatted_PKCS#1_message__(|PMS|_=_47),FALSE
b6:c4:0f:c6:b1:42:4a:ce:3d:60:2f:d3:6c:5f:3d:b8:89:0d:12:7b:bb:1e:bc:6d:f9:68:89:39:2a:43:3f:3f,Invalid_TLS_version_in_PMS,FALSE
11:73:e1:b7:e8:2f:04:e4:59:54:bf:cd:c8:06:93:d9:bb:74:34:53:07:1d:d5:bf:ea:1c:05:07:55:8a:bf:9c,0x00_in_PKCS#1_padding_(first_8_bytes_after_0x00_0x02),FALSE
1a:a2:80:fa:4a:87:1d:42:9e:dc:cc:79:e8:bb:e6:7c:bd:09:12:7a:e4:01:1a:1c:70:30:de:74:25:ea:1b:19,Correctly_formatted_PKCS#1_message__(|PMS|_=_47),FALSE
e9:d6:1f:13:a7:9c:68:47:b2:f7:2b:a3:98:e2:5a:e6:53:bc:ae:b5:e0:05:52:22:d9:c1:c5:5e:7a:3e:25:b2,0x00_on_the_next_to_last_position_(|PMS|_=_1),FALSE
73:6f:a8:e1:6c:dd:b4:f5:29:f1:23:d3:f8:f4:5e:70:a0:e7:c8:d8:e6:e0:9a:34:6b:df:13:ce:b4:02:1b:11,Wrong_second_byte_(0x02_set_to_0x17),FALSE
d0:ac:f0:cf:97:43:88:2b:9a:ff:d4:80:5d:1b:85:d7:66:56:29:e0:6b:ed:c7:38:89:75:42:ab:5c:c5:ba:3a,0x00_on_the_last_position__(|PMS|_=_0),FALSE
1c:2b:9e:75:80:b7:6a:05:fb:31:f6:f6:97:ee:c8:fc:ad:af:28:c1:62:6b:b1:cb:df:6e:b3:b0:68:be:e3:b6,Correctly_formatted_PKCS#1_message__(|PMS|_=_47),FALSE
f9:6b:59:d3:10:ba:9b:1a:5a:33:80:33:39:84:15:13:3c:47:c5:ba:f0:5c:1c:d1:80:b0:1f:db:b1:74:5e:c8,0x00_on_the_next_to_last_position_(|PMS|_=_1),FALSE
68:c2:9b:f8:b7:fc:58:bd:6b:66:3a:65:dc:e0:c3:90:63:3c:2d:6f:0a:8d:b9:dc:19:9b:44:d2:e8:46:5d:51,0x00_on_the_next_to_last_position_(|PMS|_=_1),FALSE
57:91:86:18:72:c5:7e:d1:48:d9:c3:2f:02:84:86:63:32:a7:6f:be:46:0c:50:36:8e:80:ec:78:0a:cf:85:af,No_0x00_in_message,FALSE
d2:aa:08:13:4c:ff:9a:7d:08:3f:fd:0a:87:bf:b3:7d:55:c2:8e:31:21:26:b2:c4:6e:68:24:3a:3d:13:6c:bf,0x00_in_PKCS#1_padding_(first_8_bytes_after_0x00_0x02),FALSE
f7:c3:84:f2:a7:a7:25:f6:7f:cc:7d:c5:78:81:ce:dd:85:d6:0e:16:47:61:be:61:8c:bb:8e:a3:4f:49:ef:72,0x00_on_the_next_to_last_position_(|PMS|_=_1),FALSE
83:91:a6:74:f1:52:7f:60:74:86:fc:88:9e:7f:8e:46:e3:5e:9d:1f:2e:d6:82:f1:98:d3:51:b3:d0:43:39:eb,Correctly_formatted_PKCS#1_PMS_message,FALSE
99:4e:39:20:23:85:5c:1e:d4:ba:f9:fa:c5:a5:a8:0d:82:6a:79:87:8f:03:3a:7d:f1:04:0a:92:ca:65:ac:bd,Correctly_formatted_PKCS#1_PMS_message__but_1_byte_shorter,FALSE
f4:f6:30:27:95:39:86:7f:22:4c:7e:ae:8a:81:d2:03:de:17:59:4d:9d:c9:ee:3e:42:15:4e:5e:f0:49:ed:26,Correctly_formatted_PKCS#1_PMS_message__but_1_byte_shorter,FALSE
d3:41:f8:6b:67:3c:90:2b:6c:36:b6:15:80:60:0c:77:b7:31:36:57:11:55:c6:e1:0c:a0:07:c6:90:fc:55:2e,0x00_on_the_next_to_last_position_(|PMS|_=_1),FALSE
b1:07:ef:b7:f2:56:8f:d4:43:95:c6:85:67:8a:04:ec:a0:a5:ac:df:36:d9:18:1e:9c:81:0a:bd:1b:48:97:ee,0x00_on_the_last_position__(|PMS|_=_0),FALSE
0b:94:09:e3:4d:7c:dd:38:98:b2:7a:32:cd:af:c8:85:20:93:fd:2c:48:29:85:f4:1c:f9:99:a9:54:54:00:2f,Invalid_TLS_version_in_PMS,FALSE
94:e0:f5:43:77:0f:25:af:67:5f:fb:2b:5c:25:6b:e0:64:d2:f8:c7:86:02:a8:da:ee:ff:97:5f:5f:aa:b2:85,0x00_on_the_last_position__(|PMS|_=_0),FALSE
fa:90:a4:8f:b3:cd:40:81:e3:79:6f:26:56:88:04:90:5e:0c:26:e4:10:30:bd:0d:ac:e9:06:5d:dd:5b:35:4a,Invalid_TLS_version_in_PMS,FALSE
ea:fb:14:ee:92:75:e3:3f:99:01:4d:45:2c:8e:06:71:dd:7c:3b:96:ab:62:7c:ae:73:2b:ed:a8:88:02:6a:0b,Correctly_formatted_PKCS#1_message__(|PMS|_=_47),FALSE
a9:f0:91:0a:39:6e:57:2c:7f:bb:7a:94:2b:24:30:e1:7f:bd:b0:d4:6c:06:14:d9:ce:90:1e:03:bf:33:79:17,Invalid_TLS_version_in_PMS,FALSE
58:96:7f:3b:66:80:24:71:05:8c:2d:41:6f:78:32:e8:65:31:2e:2d:2b:f9:0d:8d:12:b6:fa:86:00:4a:ad:dc,0x00_on_the_last_position__(|PMS|_=_0),FALSE
f8:8d:db:d0:2a:95:5c:a1:63:08:d0:61:ce:4c:c3:01:e6:54:c3:bc:ba:0e:8b:7c:35:36:90:03:00:19:5d:59,Wrong_first_byte_(0x00_set_to_0x17),FALSE
8b:bd:85:96:6b:89:7a:5e:69:7b:76:05:0b:b3:07:50:35:24:4b:8e:ba:9e:77:cc:af:6e:e8:23:84:db:50:8a,0x00_on_the_last_position__(|PMS|_=_0),FALSE
38:ff:9d:2d:cf:d8:8c:94:e9:8c:99:b3:f1:33:03:3d:43:5c:6c:62:2d:e3:08:44:3b:a7:eb:25:d4:f4:23:b2,Wrong_second_byte_(0x02_set_to_0x17),FALSE
eb:3f:5c:a9:92:4a:ae:e6:d6:3c:53:55:e8:dd:12:02:7d:f0:8e:3d:1a:5c:7c:24:25:a8:4f:6a:20:d1:fe:77,Invalid_TLS_version_in_PMS,FALSE
5e:d7:6f:e6:b9:39:96:6d:a6:11:fa:a7:bb:ef:53:ab:c8:6f:fa:36:85:b8:6b:51:53:df:6a:f8:98:2a:d4:2b,Wrong_first_byte_(0x00_set_to_0x17),FALSE
ea:2b:02:36:dc:dc:ae:a5:93:67:c7:4c:f4:b7:b1:eb:6c:2b:15:dd:7b:b7:34:fd:24:7b:5d:78:0f:87:0d:db,0x00_on_the_next_to_last_position_(|PMS|_=_1),FALSE
cf:24:96:db:c8:aa:67:61:ce:e6:04:1d:83:82:73:34:00:5b:b9:50:5d:2c:b9:f0:77:29:df:f1:a6:04:6e:af,0x00_on_the_next_to_last_position_(|PMS|_=_1),FALSE
af:c6:3f:c6:8b:17:53:82:2a:8e:30:a4:eb:05:77:6e:52:67:ad:54:06:33:c8:fa:8f:cc:1c:e5:6e:e2:a1:80,0x00_on_the_next_to_last_position_(|PMS|_=_1),FALSE
e4:6a:52:be:f3:0f:a8:69:6a:5f:54:a0:67:4b:e8:13:e7:02:b7:67:80:11:5c:c6:97:4e:36:6f:cd:29:ac:83,Correctly_formatted_PKCS#1_PMS_message,FALSE
25:2d:79:76:4f:3a:6d:7e:d3:e4:20:23:8a:46:9d:7f:87:02:16:8a:75:25:9f:d5:13:f3:95:7b:e5:32:13:5f,Correctly_formatted_PKCS#1_PMS_message__but_1_byte_shorter,FALSE
92:e5:86:e6:23:73:f0:0e:22:fe:49:98:2b:24:7d:d8:40:7b:71:01:2a:a6:a3:c2:13:65:b2:b0:61:20:9b:58,No_0x00_in_message,FALSE
b5:ff:1d:0d:25:91:cf:1a:e4:0a:ee:46:14:67:70:52:cb:de:56:b7:e9:dd:46:ea:fc:99:f9:22:b8:28:c0:bf,Correctly_formatted_PKCS#1_message__(|PMS|_=_47),FALSE
d0:f2:e7:f1:9e:e5:5d:f7:72:fb:0c:1b:43:1a:51:d4:36:35:76:4d:23:8b:bc:94:bd:7f:62:ea:45:e1:89:b7,Correctly_formatted_PKCS#1_PMS_message__but_1_byte_shorter,FALSE
3b:d8:1f:52:bd:ce:bc:76:f5:d5:ce:87:49:03:67:81:20:31:b5:ea:5f:b6:28:fc:a5:e4:6b:87:db:f4:19:2f,Correctly_formatted_PKCS#1_message__(|PMS|_=_47),FALSE
be:13:69:e4:d6:fd:f7:5a:79:ed:46:71:f1:eb:16:26:c8:ef:ac:0d:0f:a0:ca:61:05:5f:ff:2f:60:2c:4c:42,Wrong_first_byte_(0x00_set_to_0x17),FALSE
ef:aa:5f:70:9f:c2:d5:8b:ca:60:4d:5c:47:7e:9b:45:85:cf:bc:cf:6b:e4:69:24:ee:2c:6a:e4:f6:4e:34:d0,Correctly_formatted_PKCS#1_PMS_message,FALSE
97:a7:87:f9:90:6c:84:7d:cd:23:74:12:e0:0f:dd:08:9c:86:9f:55:69:e8:4b:4c:30:75:8f:aa:56:81:a8:c2,0x00_in_some_padding_byte,FALSE
5e:e6:4b:e8:70:e2:02:76:4c:a5:0d:d7:ea:fd:2d:cf:f5:08:45:5b:29:8e:89:a0:9b:d0:a3:5f:87:5d:69:ea,Wrong_first_byte_(0x00_set_to_0x17),FALSE
eb:5c:f2:6b:c7:91:7e:bb:ed:4d:b9:58:aa:5c:76:6a:1c:fa:b7:97:07:9e:7c:79:ce:96:a5:d8:83:a2:e8:e6,No_0x00_in_message,FALSE
a5:fb:ef:3c:00:6a:58:ee:16:e0:0a:6c:aa:18:b2:2f:88:fd:ed:a6:83:79:23:5b:92:ac:20:00:85:66:68:b3,Correctly_formatted_PKCS#1_PMS_message,FALSE
c3:e9:31:15:ba:98:1b:22:56:51:64:45:1f:37:2e:ff:19:a4:f0:02:1c:e9:d8:d8:cd:a2:90:04:7f:2d:ea:5a,Correctly_formatted_PKCS#1_message__(|PMS|_=_47),FALSE
88:3f:44:cb:09:ac:8b:2d:62:b5:91:a1:04:66:70:21:c0:e7:76:c3:3c:a6:d4:db:45:f2:ad:cf:25:53:b9:75,Wrong_first_byte_(0x00_set_to_0x17),FALSE
8e:f9:db:8c:fb:43:2d:5c:3e:5c:97:1d:50:d1:92:ba:42:8e:96:09:05:2b:33:0c:d8:d9:ad:30:c0:6b:bb:3c,Correctly_formatted_PKCS#1_PMS_message__but_1_byte_shorter,FALSE
27:9e:11:74:c3:1d:4e:95:52:da:f5:44:f0:2b:8e:01:37:a5:09:90:5e:d7:03:a9:d5:42:3c:06:b6:7f:77:f0,0x00_on_the_next_to_last_position_(|PMS|_=_1),FALSE
15:f8:cc:62:82:85:04:ef:7d:54:c6:52:a6:49:02:1c:2a:dc:4c:f9:71:b0:58:f0:e5:92:8f:49:12:d7:89:7f,Wrong_first_byte_(0x00_set_to_0x17),FALSE
4e:b6:3e:0d:c2:c1:c3:96:f2:b2:6f:69:f5:a7:87:58:4c:5c:58:70:ff:8e:00:77:b2:3c:6d:ee:b7:98:58:22,0x00_in_PKCS#1_padding_(first_8_bytes_after_0x00_0x02),FALSE
bf:82:77:5d:0e:14:73:27:39:4e:f5:88:92:b0:b2:0e:c4:40:ea:90:a2:c8:00:ac:1e:0b:65:b9:f8:38:e7:99,0x00_in_some_padding_byte,FALSE
c2:6e:8f:35:b5:6a:be:49:64:34:91:9d:d9:00:36:5f:87:2d:50:27:7d:d7:5f:8b:b8:3b:98:e8:88:78:73:0d,No_0x00_in_message,FALSE
ec:65:5a:af:57:b6:52:ca:46:cc:9e:54:94:f4:8b:28:6c:17:69:8e:d6:fa:b2:9c:86:49:cb:62:34:99:77:37,0x00_on_the_next_to_last_position_(|PMS|_=_1),FALSE
f3:46:59:fb:f6:ec:73:fc:14:3c:4e:c6:01:56:f5:bd:c5:c2:b8:20:9b:77:0e:72:26:c1:7f:db:6c:a5:fc:5c,Wrong_second_byte_(0x02_set_to_0x17),FALSE
3a:32:d8:e1:e4:c5:48:be:5b:bc:f0:9b:ac:bf:c0:bb:fa:02:21:a4:17:30:4c:b3:10:03:62:cc:0d:af:3d:35,Correctly_formatted_PKCS#1_message__(|PMS|_=_47),FALSE
f5:55:36:97:1b:4e:6b:9d:e5:bf:28:5b:f8:b3:a4:43:71:13:e2:de:23:6b:15:fe:e1:1f:cd:05:b3:45:2e:15,Correctly_formatted_PKCS#1_PMS_message__but_1_byte_shorter,FALSE
e6:35:e0:64:80:c6:ab:f7:8f:7b:34:dd:76:3e:10:1f:7d:79:59:e7:08:77:cc:19:fc:29:78:1e:09:0a:92:82,0x00_in_PKCS#1_padding_(first_8_bytes_after_0x00_0x02),FALSE
bd:6d:c8:4e:df:63:7b:fa:b7:90:46:d0:ba:81:86:a7:50:2c:b6:5d:01:c0:87:24:d2:72:95:79:44:b0:76:7a,Wrong_first_byte_(0x00_set_to_0x17),FALSE
a9:10:09:c2:9e:ac:83:59:b7:43:38:93:79:e8:ae:c5:86:71:e9:c6:6b:58:90:42:b6:eb:ca:fb:33:fa:bf:9d,No_0x00_in_message,FALSE
e6:fd:d2:fd:19:b0:cd:9e:b8:2f:77:96:b5:50:a0:e5:ab:02:df:29:ef:d7:ea:a5:73:de:68:e3:e6:39:28:be,Wrong_second_byte_(0x02_set_to_0x17),FALSE
c6:bc:6c:5a:35:dc:f7:09:98:40:05:d5:7a:82:44:68:29:0e:36:35:6a:d6:62:70:93:62:8e:bb:29:35:0c:a6,Wrong_second_byte_(0x02_set_to_0x17),FALSE
8d:68:f3:f9:a0:ad:32:02:56:40:8b:02:a0:69:4b:f2:dd:a5:63:a7:2a:99:5c:c7:c0:7b:e7:dc:f2:13:c6:df,Correctly_formatted_PKCS#1_message__(|PMS|_=_47),FALSE
21:d6:fe:36:d1:da:38:6e:16:c4:85:8a:c8:06:87:cf:21:b9:43:fb:ee:f5:c5:6e:14:bd:b2:b4:84:9c:5e:3e,Correctly_formatted_PKCS#1_message__(|PMS|_=_47),FALSE
10:55:6f:2c:4f:c2:a3:2f:d8:bb:7b:d6:93:0a:51:95:93:4f:ec:75:c6:dc:51:e5:20:5a:5a:12:53:0f:8b:b3,0x00_in_PKCS#1_padding_(first_8_bytes_after_0x00_0x02),FALSE
96:b0:ec:f2:f2:72:50:83:be:b2:a9:7a:e2:b4:a6:b7:c3:26:20:87:92:68:6d:84:9f:22:23:99:57:33:a1:3f,No_0x00_in_message,FALSE
aa:77:0a:80:84:b4:13:3f:e4:08:11:66:09:9f:bd:05:3a:32:42:b8:9e:77:84:c2:0d:97:1b:89:03:6f:e0:de,No_0x00_in_message,FALSE
eb:80:6e:c7:f3:6b:3f:d5:5e:de:05:ac:ec:90:39:82:96:55:64:f3:e7:66:3c:c6:cf:bd:0f:02:d7:8b:b1:a7,Invalid_TLS_version_in_PMS,FALSE
3f:12:81:f1:c6:66:3c:c9:72:c8:35:f5:b4:58:b3:16:6d:46:33:08:f4:22:c8:8b:7d:ed:d7:05:69:b7:a3:05,0x00_on_the_last_position__(|PMS|_=_0),FALSE
0e:08:bf:ba:08:51:da:6f:88:aa:b5:e0:bd:e4:fa:39:d1:4b:2a:02:25:56:28:41:c0:1e:7b:21:72:93:fb:e5,Wrong_first_byte_(0x00_set_to_0x17),FALSE
de:71:0a:b5:86:ca:b9:69:09:5b:4f:0e:44:08:6f:e0:69:0b:e1:58:38:5c:5b:d4:5c:24:0c:10:3d:24:4c:9a,No_0x00_in_message,FALSE
86:e6:af:20:17:db:a1:d9:35:97:6f:30:98:2f:fd:f9:0d:2f:40:55:8a:41:3d:e8:0e:2c:d8:83:d3:f2:18:f1,Wrong_second_byte_(0x02_set_to_0x17),FALSE
bf:ad:63:bc:0c:03:3b:8b:35:24:e8:35:9b:f7:a8:d3:cf:03:e5:2e:94:9f:62:82:97:ba:67:44:e0:34:5b:36,Wrong_second_byte_(0x02_set_to_0x17),FALSE
36:8e:4a:cf:76:bc:4a:36:e5:37:56:ef:d3:2e:7e:2f:ec:e6:40:e0:e6:ce:f7:80:60:27:9b:73:ac:08:30:7c,Correctly_formatted_PKCS#1_message__(|PMS|_=_47),FALSE
c6:3f:5c:a9:11:a4:06:ed:92:37:fb:47:fb:62:80:9f:34:ff:a8:72:2a:37:d5:77:88:e8:4e:80:4b:1f:92:e3,Correctly_formatted_PKCS#1_message__(|PMS|_=_47),FALSE
ea:c2:95:d2:db:9a:03:5c:e7:41:bb:64:eb:98:69:ce:8a:d9:3f:9d:2d:f7:1e:1c:a4:72:82:0c:40:29:42:2d,Correctly_formatted_PKCS#1_message__(|PMS|_=_47),FALSE
d1:83:15:c9:9c:63:03:23:e7:b1:84:14:32:15:9b:93:5a:ca:82:30:2e:c9:89:c4:c5:d9:63:13:fc:03:01:06,No_0x00_in_message,FALSE
48:4e:95:af:f8:42:7f:a1:b4:ca:23:a2:df:95:78:e0:e7:08:72:02:0a:bf:2b:b3:7e:d5:f5:cd:fb:11:98:e3,Correctly_formatted_PKCS#1_PMS_message__but_1_byte_shorter,FALSE
63:12:8e:82:0a:8d:77:3c:23:5a:a0:40:d7:2a:26:ed:00:fb:d9:5c:3d:e9:82:37:9a:af:29:60:97:01:d8:c3,Wrong_first_byte_(0x00_set_to_0x17),FALSE
0f:0a:eb:81:9e:62:e9:86:86:17:38:a6:c8:42:a3:5a:b6:fa:81:58:bc:40:a8:8f:6d:8e:ba:17:9f:b7:ab:1e,0x00_on_the_next_to_last_position_(|PMS|_=_1),FALSE
60:14:01:ba:81:93:95:e7:39:91:34:a9:0d:2b:92:ac:ab:09:cf:cf:9f:c5:c8:1a:bd:bb:9b:2a:0c:d5:8f:af,0x00_in_PKCS#1_padding_(first_8_bytes_after_0x00_0x02),FALSE
d9:3b:3e:65:5e:a9:0a:d9:86:91:99:f4:01:74:e4:df:30:f0:16:f1:cf:df:9b:d8:af:91:33:f4:cf:8e:fa:f7,Correctly_formatted_PKCS#1_PMS_message__but_1_byte_shorter,FALSE
f6:68:47:d1:0d:5c:b8:e1:2f:e5:71:0f:68:08:ef:58:df:1a:59:ac:5b:a7:4a:88:fb:43:2d:ad:79:1b:e4:86,0x00_on_the_last_position__(|PMS|_=_0),FALSE
af:7f:4f:52:f8:e4:af:f2:51:1e:74:25:69:c0:2c:1c:de:19:83:3a:6c:48:17:90:f7:87:d6:0b:fb:79:b6:16,0x00_in_some_padding_byte,FALSE
f3:93:e0:e0:3b:cc:9d:8f:dd:1a:d8:5c:ee:4a:9e:94:92:8a:a4:eb:3f:f4:11:53:ea:52:cf:ce:32:9d:af:c7,0x00_in_some_padding_byte,FALSE
38:bb:7d:2a:20:d6:28:fe:a1:52:21:73:74:79:23:fa:76:33:aa:01:4e:37:57:91:63:79:34:5f:03:75:05:07,0x00_in_some_padding_byte,FALSE
0b:3a:d0:1e:f5:e7:87:64:2b:03:d5:80:44:2c:8f:42:ea:cf:58:1d:50:c4:df:85:eb:6e:2c:b3:8f:d5:a0:2f,Correctly_formatted_PKCS#1_PMS_message,FALSE
49:d9:bb:a7:64:e3:0d:95:58:45:42:00:33:df:85:f7:3a:5e:33:b4:ad:c4:04:c6:63:25:b0:34:ff:35:59:10,Correctly_formatted_PKCS#1_PMS_message,FALSE
e2:41:c3:8d:e2:e1:1c:32:d6:43:15:6b:89:e1:a4:98:83:74:3e:b6:3e:78:3f:1e:fe:d7:ef:e9:68:41:56:51,0x00_in_PKCS#1_padding_(first_8_bytes_after_0x00_0x02),FALSE
17:ee:39:18:30:cb:6e:66:46:43:e5:79:7d:6c:6e:e6:89:b4:c1:d6:8e:5b:79:cc:66:e6:91:e3:16:1c:e5:7a,0x00_in_PKCS#1_padding_(first_8_bytes_after_0x00_0x02),FALSE
d4:d3:8e:91:a0:03:4c:11:ff:30:45:a8:6f:3a:e8:4d:ce:f1:63:d0:cd:24:b4:6e:33:f6:f5:2b:6c:6e:2d:0e,0x00_in_some_padding_byte,FALSE
68:ee:47:c8:41:d3:83:28:5e:d8:66:43:cd:d6:e7:6c:71:ff:b8:25:62:78:f4:47:8a:38:4a:c6:4a:38:e7:95,0x00_in_some_padding_byte,FALSE
ce:37:29:1f:8a:cf:91:f5:10:3c:5a:ef:8a:33:67:49:4a:20:fd:ac:50:a7:1e:ba:c4:3d:95:ee:bf:5f:4a:bc,Correctly_formatted_PKCS#1_PMS_message__but_1_byte_shorter,FALSE
6a:e8:07:ef:10:03:03:c1:35:a1:df:d7:a4:1e:16:b6:87:bf:f3:3e:db:0c:e3:76:a7:9c:4f:0e:9b:d1:82:a9,Wrong_second_byte_(0x02_set_to_0x17),FALSE
ba:47:ff:9a:f1:43:81:da:be:25:83:4c:fc:a9:1d:49:a5:cf:27:f2:af:e1:8f:fb:17:cb:5d:55:76:30:e6:42,0x00_in_some_padding_byte,FALSE
23:bb:23:72:f9:87:54:89:00:b0:52:e9:6d:20:69:d4:5b:6c:98:06:55:cc:f1:7a:64:2d:4c:40:ff:cc:c9:1a,Correctly_formatted_PKCS#1_PMS_message__but_1_byte_shorter,FALSE
4b:a6:4b:55:e8:47:35:7a:31:5c:5d:33:d6:18:17:ef:04:ec:a8:09:8b:80:41:32:39:a8:2e:f4:eb:fa:31:8f,Wrong_second_byte_(0x02_set_to_0x17),FALSE
8e:31:63:8b:25:c5:75:b5:6f:12:2a:62:28:4b:09:1e:35:fa:a2:73:56:fb:52:d9:3e:e2:5a:f3:ef:aa:e5:8b,0x00_on_the_last_position__(|PMS|_=_0),FALSE
2e:75:1a:2a:17:14:c5:35:98:8b:c4:b9:f2:bc:01:a4:08:94:c0:b9:7f:dc:71:e2:90:de:fa:d1:0a:84:ce:b3,0x00_in_PKCS#1_padding_(first_8_bytes_after_0x00_0x02),FALSE
e5:38:4e:c6:81:96:cf:b8:14:c2:19:5d:73:c9:e2:7a:06:6c:f9:b3:e6:75:58:e9:a7:bc:26:ed:a1:a7:cf:fd,0x00_in_PKCS#1_padding_(first_8_bytes_after_0x00_0x02),FALSE
e1:b2:3c:5e:34:6e:e4:d9:b0:b6:5a:b2:0f:ba:55:51:4b:84:dd:f5:8e:8f:61:3c:db:7a:5f:02:fe:0b:81:26,0x00_on_the_next_to_last_position_(|PMS|_=_1),FALSE
ab:35:b9:00:4c:45:b0:ef:3b:0f:9d:53:ad:52:a4:9a:ac:07:05:1d:ce:cb:6e:59:a9:05:28:c4:2b:c8:95:24,0x00_on_the_last_position__(|PMS|_=_0),FALSE
c6:07:2a:36:0d:dc:ce:40:0e:fe:13:52:72:74:47:97:63:90:86:43:3a:4a:16:bb:b9:4e:cc:bb:e3:81:ab:e2,0x00_in_some_padding_byte,FALSE
6e:51:b3:58:02:66:17:22:55:f6:b9:33:3a:55:54:67:fc:bc:82:40:04:5f:1e:df:ad:e6:e0:40:1e:8e:0c:12,Invalid_TLS_version_in_PMS,FALSE
34:6b:d3:ed:4f:1b:08:20:25:e0:da:e3:5c:54:42:2b:b2:56:e5:a9:e3:df:93:9f:42:d2:f9:c6:71:3e:ca:a5,Wrong_second_byte_(0x02_set_to_0x17),FALSE
5c:8b:5e:0c:ab:a2:24:da:6c:da:a1:75:39:08:d5:4c:36:04:74:2d:cf:af:f3:fe:57:16:75:b8:5b:7c:fb:1d,Wrong_first_byte_(0x00_set_to_0x17),FALSE
86:fc:e1:0e:63:3d:87:8b:65:01:7e:76:17:25:ea:89:8a:43:aa:51:54:78:be:97:87:e1:f9:43:ba:e9:25:16,Correctly_formatted_PKCS#1_PMS_message,FALSE
1b:70:3c:30:d6:21:62:66:3e:63:13:22:2c:82:7a:f6:c4:f6:0b:2f:5f:43:dd:15:99:9a:5c:c0:2b:db:6e:12,Correctly_formatted_PKCS#1_PMS_message__but_1_byte_shorter,FALSE
7f:81:95:6c:26:53:5a:95:e1:c2:6d:d6:67:47:8d:4b:72:21:1e:97:a8:e4:25:2c:ee:7c:5a:5a:69:5a:e6:6f,0x00_in_some_padding_byte,FALSE
8e:31:60:91:ca:19:b0:19:e3:cb:ef:9a:5f:03:56:77:78:3d:7b:5f:f9:24:c1:85:68:d3:32:9e:ed:0e:c1:6b,0x00_on_the_next_to_last_position_(|PMS|_=_1),FALSE
7c:82:87:7a:3d:aa:ca:3c:5d:e7:48:b1:9e:8f:63:30:8a:2f:90:1f:f8:4f:d7:7c:be:00:59:39:2f:a1:b6:f7,0x00_in_some_padding_byte,FALSE
64:75:45:af:b6:00:3e:5f:34:57:e3:07:14:86:18:b7:a7:b1:6f:7f:dd:b6:b7:9a:ba:ad:96:32:d1:ab:6f:da,Wrong_first_byte_(0x00_set_to_0x17),FALSE
48:c6:41:41:56:ce:23:c3:bf:91:b7:f5:a8:f1:95:3d:63:d4:44:44:6a:78:f7:ac:60:c7:d1:7c:39:21:5d:ee,0x00_in_some_padding_byte,FALSE
a6:29:a3:fc:e3:fd:bb:e4:50:f1:07:0a:ba:2b:72:14:d2:ca:53:d0:93:af:ff:49:b4:14:13:8a:6d:0a:7f:b1,Wrong_first_byte_(0x00_set_to_0x17),FALSE
91:4a:30:a1:9a:da:86:8d:24:d5:8a:ab:c8:a1:d5:fb:c2:d2:14:c4:93:5b:22:40:21:ab:88:75:e8:1e:31:97,Correctly_formatted_PKCS#1_message__(|PMS|_=_47),FALSE
a4:10:12:ed:33:95:de:5c:e8:d1:e7:af:b9:95:52:b8:b6:38:56:b5:4b:89:46:62:30:07:3e:e6:45:cc:d5:4b,Wrong_first_byte_(0x00_set_to_0x17),FALSE
4f:93:83:8a:12:bc:a7:e7:3a:2e:b5:e2:e2:1e:b0:44:2e:37:00:05:52:59:c6:ee:6d:af:7f:2c:24:a0:b4:5f,Correctly_formatted_PKCS#1_message__(|PMS|_=_47),FALSE
e8:11:29:d6:77:4d:59:8c:3e:49:e0:f5:9e:71:a2:ed:04:ea:ed:1f:61:a4:88:f4:0a:32:7e:66:70:4c:b0:c6,No_0x00_in_message,FALSE
9c:9a:fc:3f:d8:e3:08:b4:86:5e:3a:ac:7d:43:7d:4b:33:58:ec:b8:91:52:4f:8a:e9:0e:94:4f:f9:65:b3:4b,0x00_on_the_last_position__(|PMS|_=_0),FALSE
1e:c4:8d:ed:64:1b:2a:92:fd:51:49:7f:aa:cb:ab:13:0a:4a:23:5a:56:bb:40:6c:ce:23:3a:2f:fd:b7:aa:e9,0x00_on_the_next_to_last_position_(|PMS|_=_1),FALSE
c8:9b:f0:56:43:20:34:de:c0:95:78:f8:ec:0c:08:cc:c1:08:ef:d6:84:c5:63:26:d0:52:d9:38:66:3d:0a:d1,Correctly_formatted_PKCS#1_PMS_message__but_1_byte_shorter,FALSE
15:a4:d8:cc:23:f6:95:99:50:1c:92:f5:0b:e8:ac:77:12:44:70:a0:b4:55:2b:46:bc:2c:f7:8c:cf:4a:54:c1,Invalid_TLS_version_in_PMS,FALSE
b8:b7:d9:df:75:f6:bb:bd:68:6a:93:95:33:d4:d7:28:15:d3:70:f5:67:6f:c2:ce:7a:c1:5c:10:85:75:db:24,0x00_on_the_last_position__(|PMS|_=_0),FALSE
3d:17:13:54:df:f7:62:79:e7:1a:c5:3a:54:c2:00:01:4b:a9:87:07:ba:78:c9:96:41:56:99:2d:01:41:7c:f2,Correctly_formatted_PKCS#1_PMS_message__but_1_byte_shorter,FALSE
cb:d5:ff:c9:ef:71:f1:80:46:2a:0d:36:b2:4a:7a:56:04:8c:9f:82:c5:1b:75:30:00:ad:30:c7:73:03:db:57,0x00_in_some_padding_byte,FALSE
54:3c:15:46:b3:1b:62:26:c6:38:45:ba:e4:b3:f5:f4:6b:7e:86:45:c1:37:b7:97:59:9f:80:bc:17:42:03:8f,No_0x00_in_message,FALSE
d8:7b:19:64:18:06:87:b2:75:54:9b:74:90:3c:1d:43:ac:19:a5:28:d2:13:d6:22:52:c8:d2:f9:a3:50:9e:2e,0x00_on_the_last_position__(|PMS|_=_0),FALSE
1c:bb:6c:e2:ea:db:22:10:14:57:12:ab:5b:75:73:63:75:88:d1:e5:b9:cb:7c:31:70:67:23:da:80:b2:14:0b,Correctly_formatted_PKCS#1_PMS_message__but_1_byte_shorter,FALSE
09:71:69:5a:dd:5d:54:f5:1d:ea:f6:a6:7c:f5:56:98:cc:b5:6b:6f:5d:a4:6c:8c:41:f8:4e:9d:7f:ee:66:5f,0x00_on_the_next_to_last_position_(|PMS|_=_1),FALSE
54:cc:00:de:75:f6:46:17:44:14:3c:bb:5e:84:af:b5:47:bc:2c:28:34:d0:11:ce:ba:b7:a2:f0:3e:41:c9:d4,Correctly_formatted_PKCS#1_PMS_message,FALSE
9a:2a:3f:5d:d1:df:a9:e8:18:80:f4:56:4b:b8:4c:21:5a:93:39:5c:5f:7f:7c:4a:43:e7:79:ab:84:02:3d:32,Correctly_formatted_PKCS#1_PMS_message,FALSE
47:a5:fd:0c:f4:42:2a:99:4e:ba:e0:cb:28:3e:ec:fd:d7:0a:35:1a:d0:fd:b4:57:23:7b:b5:08:a5:82:36:ce,Correctly_formatted_PKCS#1_PMS_message,FALSE
c2:0e:95:da:77:d1:40:76:06:eb:16:b2:6e:18:ae:23:0e:70:7e:23:3d:e6:17:a5:fe:45:bd:9b:3f:40:e5:37,0x00_on_the_next_to_last_position_(|PMS|_=_1),FALSE
af:de:b7:68:d1:1c:30:65:d4:17:13:a5:bc:88:ca:df:4f:f4:1d:f2:05:85:52:64:41:bf:84:2e:98:46:22:ca,No_0x00_in_message,FALSE
59:d9:08:1f:9d:72:b0:24:aa:d0:4a:ca:59:bc:4a:bf:f6:8d:3b:18:2d:9c:00:f2:e2:e7:28:ae:d3:42:d8:87,0x00_in_some_padding_byte,FALSE
c1:64:3b:aa:3f:3d:88:13:61:88:d7:3d:bf:ff:d6:73:5e:66:28:4c:a6:d9:57:21:e8:5c:d8:fd:a9:e7:df:20,Wrong_second_byte_(0x02_set_to_0x17),FALSE
f4:ae:a4:a3:f0:b1:bd:3c:82:ac:ea:b1:51:32:ad:dc:56:a6:83:1e:62:2c:b5:2b:56:22:f6:8b:ef:1d:0e:9f,0x00_in_PKCS#1_padding_(first_8_bytes_after_0x00_0x02),FALSE
93:8e:6f:64:17:4c:db:23:2a:9a:37:81:3a:17:26:d0:80:3e:e7:5c:8b:9e:25:65:5d:f5:62:ea:09:e2:2a:38,Wrong_first_byte_(0x00_set_to_0x17),FALSE
87:fe:37:b5:2e:4e:0d:fd:ed:ba:af:e7:46:9d:b2:ca:5d:ee:06:c0:ef:25:03:86:40:ce:90:4b:5d:9e:4b:02,0x00_on_the_next_to_last_position_(|PMS|_=_1),FALSE
47:35:a8:cc:e0:bb:13:72:fa:23:68:7c:d4:d5:5a:d2:11:67:d5:d7:46:42:04:cf:33:99:f2:af:2a:e4:65:5c,Wrong_second_byte_(0x02_set_to_0x17),FALSE
d6:06:88:98:a7:e3:cc:79:6d:15:5b:f4:93:25:04:f9:78:0f:f6:02:7a:1f:3a:9b:f6:56:ae:4e:95:fc:8f:47,Correctly_formatted_PKCS#1_PMS_message__but_1_byte_shorter,FALSE
9d:97:59:88:98:04:6a:9d:28:4c:91:7f:47:79:e2:b0:52:7e:22:08:d0:10:d3:67:53:c0:c3:4d:7d:10:c6:14,0x00_on_the_next_to_last_position_(|PMS|_=_1),FALSE
3b:fc:2a:dc:ea:9b:6a:be:ba:e3:7d:51:e1:d9:46:a3:47:50:55:ac:36:af:f3:11:d9:2e:2f:d5:f3:47:85:b2,Correctly_formatted_PKCS#1_message__(|PMS|_=_47),FALSE
d4:94:80:f5:eb:d1:58:71:d0:89:57:50:1e:db:b5:96:dd:58:cc:a4:8f:d3:f5:6a:c6:06:4c:4d:bc:9e:95:eb,Wrong_second_byte_(0x02_set_to_0x17),FALSE
86:34:95:cd:cc:85:d3:a5:cb:30:e3:62:8a:16:7a:51:85:e8:e2:f0:c6:97:91:a8:28:21:ea:66:86:9f:1d:52,0x00_on_the_next_to_last_position_(|PMS|_=_1),FALSE
06:e2:d2:38:f9:8c:4b:05:a3:1b:93:4c:f9:90:fd:4e:16:0d:bf:48:25:e0:74:e7:39:78:6d:48:96:44:5a:2f,0x00_on_the_last_position__(|PMS|_=_0),FALSE
06:ba:3c:10:32:16:03:83:f8:7f:11:fd:1d:2e:97:f1:5d:e9:1c:a7:ee:48:6b:ec:cb:19:18:5f:8e:f5:bf:c4,No_0x00_in_message,FALSE
66:5f:9a:51:e8:9e:39:86:07:5c:d6:b7:ec:da:e5:52:93:9b:d2:dd:e9:7f:a5:90:51:a4:10:03:be:18:3e:25,No_0x00_in_message,FALSE
fe:03:a9:2b:42:86:3a:1c:e2:fd:fd:18:fe:fb:10:42:02:15:95:9a:40:0b:57:96:29:6f:ef:c6:27:ad:1b:95,0x00_in_some_padding_byte,FALSE
03:2f:e5:4e:c5:30:85:8f:65:d0:a6:eb:bb:4b:e6:00:9e:48:c7:a4:f7:34:6c:2b:44:50:80:d9:a5:d0:1c:9b,No_0x00_in_message,FALSE
0c:a2:56:64:e6:c1:9a:5e:ce:e9:0b:e0:35:d2:c3:c8:89:c3:9c:23:27:d0:38:2e:49:4f:c1:26:b2:6d:18:c9,Wrong_first_byte_(0x00_set_to_0x17),FALSE
00:b5:c1:ab:89:d6:d3:09:d2:61:17:01:f7:01:9a:19:30:65:19:e7:3a:5f:53:83:5b:ee:dc:c6:6f:98:4b:18,Correctly_formatted_PKCS#1_PMS_message__but_1_byte_shorter,FALSE
4e:39:0a:11:c6:f1:cf:50:8a:e7:c5:a5:e6:e5:90:b9:55:58:26:39:fe:3b:3a:5f:c1:f8:94:e7:f6:1d:d3:99,Correctly_formatted_PKCS#1_message__(|PMS|_=_47),FALSE
67:c9:cc:5b:42:ce:81:5c:74:e7:68:2f:49:16:a8:b9:21:2a:fe:83:e1:72:3b:e2:45:22:7e:8d:dd:25:ec:6e,Wrong_second_byte_(0x02_set_to_0x17),FALSE
51:95:6c:fc:27:6e:39:f8:1a:1f:36:b4:0f:8a:79:b6:8e:22:b3:6a:16:26:dd:2e:4f:b1:e9:49:15:a9:30:6e,No_0x00_in_message,FALSE
f1:2d:72:46:a0:19:01:79:58:9f:d0:bc:77:e2:d0:78:5d:76:9f:25:19:23:7f:bc:61:11:5e:70:42:5a:39:d3,No_0x00_in_message,FALSE
06:94:78:9f:4f:a4:35:50:c2:b6:bf:81:73:3e:52:af:81:9c:b6:d1:d6:0a:fe:1d:0e:47:31:68:c9:09:b0:85,No_0x00_in_message,FALSE
8b:5e:3f:91:86:07:49:b0:92:70:b0:68:df:c5:f8:4d:5e:49:40:2a:04:e7:d6:02:6f:20:b4:77:c4:9c:b6:c5,Invalid_TLS_version_in_PMS,FALSE
51:ab:f9:f6:5c:3e:d7:fc:22:1d:a7:82:e4:68:9a:1a:d9:28:ae:20:5c:d6:e7:bd:98:26:1d:af:81:ac:2e:d0,Correctly_formatted_PKCS#1_message__(|PMS|_=_47),FALSE
55:21:61:3c:4c:94:41:44:da:69:33:ff:7a:5f:c1:ce:38:c5:3a:33:43:e4:21:28:3e:9c:74:4b:70:5d:4d:f5,Wrong_second_byte_(0x02_set_to_0x17),FALSE
f1:7f:31:6b:b5:3d:92:79:84:14:2e:da:4c:89:e0:43:13:7a:3e:9d:44:92:31:55:a1:ff:c3:68:56:97:ba:25,0x00_on_the_next_to_last_position_(|PMS|_=_1),FALSE
70:63:e1:d0:cb:aa:89:75:06:f2:28:91:ae:aa:10:cb:ff:ef:07:6d:94:e1:7c:57:5b:b1:a8:63:eb:ba:9c:c9,Wrong_second_byte_(0x02_set_to_0x17),FALSE
d4:d0:47:08:79:c2:fd:d8:8a:4d:d8:bf:1e:6d:c3:7e:98:0f:6e:01:87:ef:5a:06:ce:62:6e:9d:f7:7e:a5:a4,0x00_in_some_padding_byte,FALSE
da:01:28:3a:74:95:4d:69:13:1c:ec:c7:72:53:fc:51:52:62:05:79:4c:3d:7d:52:cc:96:50:61:cc:5f:15:23,Correctly_formatted_PKCS#1_PMS_message,FALSE
0a:a7:89:a3:96:7e:05:e6:db:ee:41:83:19:65:d5:e0:5d:75:db:39:8b:ed:92:ef:cd:06:1f:40:f5:11:62:f0,0x00_on_the_next_to_last_position_(|PMS|_=_1),FALSE
23:aa:eb:50:00:26:82:8c:9b:96:92:a0:91:bf:05:50:42:21:0c:3e:b4:4e:79:a7:4f:fa:21:14:df:29:a3:d8,No_0x00_in_message,FALSE
00:9a:93:a6:7c:61:36:b5:87:78:0b:a4:82:58:3f:31:0a:86:2b:81:d8:11:37:f6:01:48:0d:3d:17:e0:1a:85,0x00_in_some_padding_byte,FALSE
c5:14:bc:fd:77:13:2c:77:e1:4e:e2:68:0e:06:58:f3:fa:1b:eb:63:97:e6:c8:83:c9:20:6a:98:dc:5c:33:34,0x00_in_PKCS#1_padding_(first_8_bytes_after_0x00_0x02),FALSE
a9:d8:43:90:77:71:51:16:34:55:47:09:43:d3:55:cc:e3:a4:51:26:18:50:bf:5c:3d:4d:14:30:a3:69:20:c0,Correctly_formatted_PKCS#1_PMS_message,FALSE
61:0b:bb:5d:a1:19:c5:e2:e6:29:cf:7a:fe:2a:a8:9a:d4:b9:ee:39:84:22:20:06:bb:db:4f:db:60:d3:21:49,No_0x00_in_message,FALSE
b1:db:38:16:39:1a:39:e8:53:f0:12:77:90:68:3b:07:16:0c:c4:8e:44:f8:ce:6a:5c:d5:a1:4b:bd:a2:24:92,Invalid_TLS_version_in_PMS,FALSE
